{
  "timestamp": "2025-08-15T02:27:39.686Z",
  "business": {
    "servicesGenerated": 0,
    "qualityScore": 92.70501574668795,
    "deploymentSuccess": 96.30924873112777,
    "marketOpportunities": 13
  }
}