{
  "timestamp": "2025-08-15T02:52:25.240Z",
  "business": {
    "servicesGenerated": 0,
    "qualityScore": 95.03237320989622,
    "deploymentSuccess": 92.14228737966019,
    "marketOpportunities": 11
  }
}