{
  "timestamp": "2025-08-15T02:39:54.652Z",
  "business": {
    "servicesGenerated": 0,
    "qualityScore": 94.31530584486998,
    "deploymentSuccess": 96.04473163338614,
    "marketOpportunities": 11
  }
}