{
  "timestamp": "2025-08-15T02:45:54.652Z",
  "business": {
    "servicesGenerated": 0,
    "qualityScore": 89.93131741381752,
    "deploymentSuccess": 92.71285490077173,
    "marketOpportunities": 10
  }
}