{
  "timestamp": "2025-08-15T02:40:24.656Z",
  "business": {
    "servicesGenerated": 0,
    "qualityScore": 97.49354406125076,
    "deploymentSuccess": 93.39439637063704,
    "marketOpportunities": 10
  }
}