{
  "timestamp": "2025-08-15T02:37:09.692Z",
  "business": {
    "servicesGenerated": 0,
    "qualityScore": 99.73460399489372,
    "deploymentSuccess": 90.81003749207433,
    "marketOpportunities": 5
  }
}