{
  "timestamp": "2025-08-15T02:49:39.698Z",
  "business": {
    "servicesGenerated": 0,
    "qualityScore": 87.21143867101841,
    "deploymentSuccess": 94.74255448623067,
    "marketOpportunities": 14
  }
}