{
  "timestamp": "2025-08-15T02:24:24.642Z",
  "business": {
    "servicesGenerated": 0,
    "qualityScore": 89.85874641224738,
    "deploymentSuccess": 94.92199513412373,
    "marketOpportunities": 18
  }
}