{
  "timestamp": "2025-08-15T02:39:25.235Z",
  "business": {
    "servicesGenerated": 0,
    "qualityScore": 90.20519659468462,
    "deploymentSuccess": 94.89757188948158,
    "marketOpportunities": 12
  }
}