{
  "timestamp": "2025-08-15T02:46:39.697Z",
  "business": {
    "servicesGenerated": 0,
    "qualityScore": 97.70792212654482,
    "deploymentSuccess": 96.814982672111,
    "marketOpportunities": 14
  }
}