{
  "timestamp": "2025-08-15T02:50:55.238Z",
  "business": {
    "servicesGenerated": 0,
    "qualityScore": 91.45747266503135,
    "deploymentSuccess": 98.31209871639865,
    "marketOpportunities": 5
  }
}