{
  "timestamp": "2025-08-15T02:22:09.685Z",
  "business": {
    "servicesGenerated": 9,
    "qualityScore": 92.7933969093394,
    "deploymentSuccess": 97.53263344758999,
    "marketOpportunities": 23
  }
}