{
  "timestamp": "2025-08-15T02:49:24.655Z",
  "business": {
    "servicesGenerated": 0,
    "qualityScore": 87.95054858718933,
    "deploymentSuccess": 93.21868835802734,
    "marketOpportunities": 12
  }
}