{
  "timestamp": "2025-08-15T02:51:55.239Z",
  "business": {
    "servicesGenerated": 0,
    "qualityScore": 86.08819992044238,
    "deploymentSuccess": 91.0477724613378,
    "marketOpportunities": 14
  }
}