{
  "timestamp": "2025-08-15T02:36:55.234Z",
  "business": {
    "servicesGenerated": 0,
    "qualityScore": 87.86376274709274,
    "deploymentSuccess": 97.44813601281615,
    "marketOpportunities": 6
  }
}