{
  "timestamp": "2025-08-15T02:42:55.235Z",
  "business": {
    "servicesGenerated": 0,
    "qualityScore": 87.17191047330451,
    "deploymentSuccess": 98.3729052873379,
    "marketOpportunities": 21
  }
}