{
  "timestamp": "2025-08-15T02:38:55.234Z",
  "business": {
    "servicesGenerated": 0,
    "qualityScore": 87.05209968135782,
    "deploymentSuccess": 91.5297596265502,
    "marketOpportunities": 11
  }
}