{
  "timestamp": "2025-08-15T02:45:09.697Z",
  "business": {
    "servicesGenerated": 0,
    "qualityScore": 93.15955382616917,
    "deploymentSuccess": 99.64000222983617,
    "marketOpportunities": 9
  }
}