{
  "timestamp": "2025-08-15T02:50:24.655Z",
  "business": {
    "servicesGenerated": 0,
    "qualityScore": 92.33008634975369,
    "deploymentSuccess": 98.52606421635423,
    "marketOpportunities": 14
  }
}