{
  "timestamp": "2025-08-15T02:43:09.697Z",
  "business": {
    "servicesGenerated": 0,
    "qualityScore": 95.96498614533382,
    "deploymentSuccess": 92.05864854156458,
    "marketOpportunities": 23
  }
}