{
  "timestamp": "2025-08-15T02:41:09.695Z",
  "business": {
    "servicesGenerated": 0,
    "qualityScore": 85.1948408652385,
    "deploymentSuccess": 99.07439288940299,
    "marketOpportunities": 11
  }
}