{
  "timestamp": "2025-08-15T02:25:55.229Z",
  "business": {
    "servicesGenerated": 0,
    "qualityScore": 88.8612421661024,
    "deploymentSuccess": 92.19883189504941,
    "marketOpportunities": 9
  }
}