{
  "timestamp": "2025-08-15T02:43:55.236Z",
  "business": {
    "servicesGenerated": 0,
    "qualityScore": 91.51208259482964,
    "deploymentSuccess": 91.85365666116324,
    "marketOpportunities": 15
  }
}