{
  "timestamp": "2025-08-15T02:38:54.649Z",
  "business": {
    "servicesGenerated": 0,
    "qualityScore": 87.94721228696197,
    "deploymentSuccess": 98.45743680356927,
    "marketOpportunities": 18
  }
}