{
  "timestamp": "2025-08-15T02:47:25.238Z",
  "business": {
    "servicesGenerated": 0,
    "qualityScore": 86.11927960851445,
    "deploymentSuccess": 90.52102739007621,
    "marketOpportunities": 15
  }
}