{
  "timestamp": "2025-08-15T02:38:24.649Z",
  "business": {
    "servicesGenerated": 0,
    "qualityScore": 86.24194115059997,
    "deploymentSuccess": 93.17472315053621,
    "marketOpportunities": 14
  }
}