{
  "timestamp": "2025-08-15T02:24:54.639Z",
  "business": {
    "servicesGenerated": 0,
    "qualityScore": 95.05814239942114,
    "deploymentSuccess": 95.72855194629096,
    "marketOpportunities": 13
  }
}