{
  "timestamp": "2025-08-15T02:47:09.697Z",
  "business": {
    "servicesGenerated": 0,
    "qualityScore": 90.79611383732569,
    "deploymentSuccess": 97.43028517126672,
    "marketOpportunities": 20
  }
}