{
  "timestamp": "2025-08-15T02:48:39.699Z",
  "business": {
    "servicesGenerated": 0,
    "qualityScore": 86.45822424615919,
    "deploymentSuccess": 92.08206865666754,
    "marketOpportunities": 8
  }
}