{
  "timestamp": "2025-08-15T02:53:09.699Z",
  "business": {
    "servicesGenerated": 0,
    "qualityScore": 96.0641357476947,
    "deploymentSuccess": 95.51673872946826,
    "marketOpportunities": 15
  }
}