{
  "timestamp": "2025-08-15T02:46:09.697Z",
  "business": {
    "servicesGenerated": 0,
    "qualityScore": 97.11282566932447,
    "deploymentSuccess": 96.69891491430232,
    "marketOpportunities": 5
  }
}