{
  "timestamp": "2025-08-15T02:42:25.235Z",
  "business": {
    "servicesGenerated": 0,
    "qualityScore": 87.90126864898113,
    "deploymentSuccess": 93.55634453512067,
    "marketOpportunities": 7
  }
}