{
  "timestamp": "2025-08-15T02:46:55.237Z",
  "business": {
    "servicesGenerated": 0,
    "qualityScore": 98.42278854043198,
    "deploymentSuccess": 93.49640333915902,
    "marketOpportunities": 10
  }
}