{
  "timestamp": "2025-08-15T02:47:39.698Z",
  "business": {
    "servicesGenerated": 0,
    "qualityScore": 93.70906624112763,
    "deploymentSuccess": 97.39387368352688,
    "marketOpportunities": 21
  }
}