{
  "timestamp": "2025-08-15T02:37:54.649Z",
  "business": {
    "servicesGenerated": 0,
    "qualityScore": 89.05500232030968,
    "deploymentSuccess": 95.7550546313752,
    "marketOpportunities": 8
  }
}