{
  "timestamp": "2025-08-15T02:53:25.239Z",
  "business": {
    "servicesGenerated": 0,
    "qualityScore": 97.81140552105506,
    "deploymentSuccess": 93.58981203988395,
    "marketOpportunities": 20
  }
}