{
  "timestamp": "2025-08-15T02:22:55.229Z",
  "business": {
    "servicesGenerated": 0,
    "qualityScore": 87.15347864974696,
    "deploymentSuccess": 98.6584495135198,
    "marketOpportunities": 6
  }
}