{
  "timestamp": "2025-08-15T02:38:09.693Z",
  "business": {
    "servicesGenerated": 0,
    "qualityScore": 86.51891381818112,
    "deploymentSuccess": 90.92949930597486,
    "marketOpportunities": 21
  }
}