{
  "timestamp": "2025-08-15T02:22:54.637Z",
  "business": {
    "servicesGenerated": 0,
    "qualityScore": 86.50647834783688,
    "deploymentSuccess": 90.9009813583241,
    "marketOpportunities": 6
  }
}