{
  "timestamp": "2025-08-15T02:45:24.652Z",
  "business": {
    "servicesGenerated": 0,
    "qualityScore": 91.00522043983909,
    "deploymentSuccess": 96.6069960741678,
    "marketOpportunities": 16
  }
}