{
  "timestamp": "2025-08-15T02:25:25.229Z",
  "business": {
    "servicesGenerated": 0,
    "qualityScore": 94.10805173486304,
    "deploymentSuccess": 93.19264851861843,
    "marketOpportunities": 14
  }
}