{
  "timestamp": "2025-08-15T02:22:39.685Z",
  "business": {
    "servicesGenerated": 0,
    "qualityScore": 91.79263587539334,
    "deploymentSuccess": 99.38929341163373,
    "marketOpportunities": 10
  }
}