{
  "timestamp": "2025-08-15T02:23:39.685Z",
  "business": {
    "servicesGenerated": 0,
    "qualityScore": 96.066932226864,
    "deploymentSuccess": 96.99031079369954,
    "marketOpportunities": 17
  }
}