{
  "timestamp": "2025-08-15T02:50:25.239Z",
  "business": {
    "servicesGenerated": 0,
    "qualityScore": 86.63980635401244,
    "deploymentSuccess": 98.22011143490971,
    "marketOpportunities": 8
  }
}