{
  "timestamp": "2025-08-15T02:25:24.640Z",
  "business": {
    "servicesGenerated": 0,
    "qualityScore": 97.8217435598448,
    "deploymentSuccess": 94.0702385081038,
    "marketOpportunities": 7
  }
}