{
  "timestamp": "2025-08-15T02:46:54.651Z",
  "business": {
    "servicesGenerated": 0,
    "qualityScore": 87.5872170386776,
    "deploymentSuccess": 92.99517177494401,
    "marketOpportunities": 19
  }
}