{
  "timestamp": "2025-08-15T02:23:25.229Z",
  "business": {
    "servicesGenerated": 0,
    "qualityScore": 87.43180072062032,
    "deploymentSuccess": 96.56897908560171,
    "marketOpportunities": 18
  }
}