{
  "timestamp": "2025-08-15T02:24:25.232Z",
  "business": {
    "servicesGenerated": 0,
    "qualityScore": 99.90975036676237,
    "deploymentSuccess": 90.00244644033242,
    "marketOpportunities": 19
  }
}