{
  "timestamp": "2025-08-15T02:22:25.229Z",
  "business": {
    "servicesGenerated": 0,
    "qualityScore": 98.53191499890734,
    "deploymentSuccess": 99.52548187423731,
    "marketOpportunities": 20
  }
}