{
  "timestamp": "2025-08-15T02:45:55.238Z",
  "business": {
    "servicesGenerated": 0,
    "qualityScore": 95.8985255622469,
    "deploymentSuccess": 96.64800697182066,
    "marketOpportunities": 10
  }
}