{
  "timestamp": "2025-08-15T02:25:09.685Z",
  "business": {
    "servicesGenerated": 0,
    "qualityScore": 91.39215335670146,
    "deploymentSuccess": 92.18505028356967,
    "marketOpportunities": 13
  }
}