{
  "timestamp": "2025-08-15T02:52:39.699Z",
  "business": {
    "servicesGenerated": 0,
    "qualityScore": 91.67382451249878,
    "deploymentSuccess": 93.86693868732401,
    "marketOpportunities": 16
  }
}