{
  "timestamp": "2025-08-15T02:41:39.694Z",
  "business": {
    "servicesGenerated": 0,
    "qualityScore": 88.01761456449348,
    "deploymentSuccess": 96.84666952607189,
    "marketOpportunities": 23
  }
}