{
  "timestamp": "2025-08-15T02:46:24.652Z",
  "business": {
    "servicesGenerated": 0,
    "qualityScore": 89.24515986738623,
    "deploymentSuccess": 98.22649078630963,
    "marketOpportunities": 16
  }
}