{
  "timestamp": "2025-08-15T02:42:24.652Z",
  "business": {
    "servicesGenerated": 0,
    "qualityScore": 91.70438509975375,
    "deploymentSuccess": 95.3259443436394,
    "marketOpportunities": 6
  }
}