{
  "timestamp": "2025-08-15T02:26:09.685Z",
  "business": {
    "servicesGenerated": 0,
    "qualityScore": 98.22030155049605,
    "deploymentSuccess": 92.81194559107492,
    "marketOpportunities": 13
  }
}