{
  "timestamp": "2025-08-15T02:53:39.698Z",
  "business": {
    "servicesGenerated": 0,
    "qualityScore": 95.31349938161581,
    "deploymentSuccess": 96.26376681344783,
    "marketOpportunities": 23
  }
}