{
  "timestamp": "2025-08-15T02:52:24.655Z",
  "business": {
    "servicesGenerated": 0,
    "qualityScore": 86.6210147212152,
    "deploymentSuccess": 93.46961390198429,
    "marketOpportunities": 12
  }
}