{
  "timestamp": "2025-08-15T02:26:24.640Z",
  "business": {
    "servicesGenerated": 0,
    "qualityScore": 87.36918289440744,
    "deploymentSuccess": 94.74241462048349,
    "marketOpportunities": 21
  }
}