{
  "timestamp": "2025-08-15T02:51:25.238Z",
  "business": {
    "servicesGenerated": 0,
    "qualityScore": 95.84101207624778,
    "deploymentSuccess": 92.3948617100839,
    "marketOpportunities": 17
  }
}