{
  "timestamp": "2025-08-15T02:40:09.695Z",
  "business": {
    "servicesGenerated": 0,
    "qualityScore": 90.65263155286895,
    "deploymentSuccess": 90.74239601629924,
    "marketOpportunities": 17
  }
}