{
  "timestamp": "2025-08-15T02:38:25.235Z",
  "business": {
    "servicesGenerated": 0,
    "qualityScore": 86.39016519335685,
    "deploymentSuccess": 98.56054395760465,
    "marketOpportunities": 12
  }
}