{
  "timestamp": "2025-08-15T02:47:54.653Z",
  "business": {
    "servicesGenerated": 0,
    "qualityScore": 90.18409795523826,
    "deploymentSuccess": 97.54820564942905,
    "marketOpportunities": 6
  }
}