{
  "timestamp": "2025-08-15T02:37:25.236Z",
  "business": {
    "servicesGenerated": 0,
    "qualityScore": 92.69019527789169,
    "deploymentSuccess": 91.56292543575766,
    "marketOpportunities": 11
  }
}