{
  "timestamp": "2025-08-15T02:37:39.691Z",
  "business": {
    "servicesGenerated": 0,
    "qualityScore": 92.9209434527692,
    "deploymentSuccess": 95.46098661201124,
    "marketOpportunities": 15
  }
}