{
  "timestamp": "2025-08-15T02:24:09.685Z",
  "business": {
    "servicesGenerated": 0,
    "qualityScore": 99.5585079375116,
    "deploymentSuccess": 97.2462118604815,
    "marketOpportunities": 16
  }
}