{
  "timestamp": "2025-08-15T02:25:39.684Z",
  "business": {
    "servicesGenerated": 0,
    "qualityScore": 89.01085169761231,
    "deploymentSuccess": 98.01961028460425,
    "marketOpportunities": 21
  }
}