{
  "timestamp": "2025-08-15T02:39:24.651Z",
  "business": {
    "servicesGenerated": 0,
    "qualityScore": 94.81988976683448,
    "deploymentSuccess": 97.70533230059299,
    "marketOpportunities": 7
  }
}