{
  "timestamp": "2025-08-15T02:46:25.237Z",
  "business": {
    "servicesGenerated": 0,
    "qualityScore": 92.52026398639184,
    "deploymentSuccess": 98.29913602232482,
    "marketOpportunities": 5
  }
}