{
  "timestamp": "2025-08-15T02:40:54.652Z",
  "business": {
    "servicesGenerated": 0,
    "qualityScore": 91.94488748090721,
    "deploymentSuccess": 99.37863944257508,
    "marketOpportunities": 21
  }
}