{
  "timestamp": "2025-08-15T02:26:54.640Z",
  "business": {
    "servicesGenerated": 0,
    "qualityScore": 98.80199259871569,
    "deploymentSuccess": 92.7059891498135,
    "marketOpportunities": 13
  }
}