{
  "timestamp": "2025-08-15T02:36:54.648Z",
  "business": {
    "servicesGenerated": 0,
    "qualityScore": 90.60905483886043,
    "deploymentSuccess": 94.88528304838995,
    "marketOpportunities": 17
  }
}