{
  "timestamp": "2025-08-15T02:48:09.699Z",
  "business": {
    "servicesGenerated": 0,
    "qualityScore": 94.95553748286885,
    "deploymentSuccess": 97.7952163234586,
    "marketOpportunities": 14
  }
}