{
  "timestamp": "2025-08-15T02:22:24.639Z",
  "business": {
    "servicesGenerated": 0,
    "qualityScore": 97.01867273666791,
    "deploymentSuccess": 97.5720263492394,
    "marketOpportunities": 17
  }
}