{
  "timestamp": "2025-08-15T02:23:55.229Z",
  "business": {
    "servicesGenerated": 0,
    "qualityScore": 98.8867324471648,
    "deploymentSuccess": 96.42643968089067,
    "marketOpportunities": 22
  }
}