{
  "timestamp": "2025-08-15T02:44:24.653Z",
  "business": {
    "servicesGenerated": 0,
    "qualityScore": 95.4024249756446,
    "deploymentSuccess": 93.71506320180313,
    "marketOpportunities": 15
  }
}