{
  "timestamp": "2025-08-15T02:23:09.685Z",
  "business": {
    "servicesGenerated": 0,
    "qualityScore": 89.96578798917301,
    "deploymentSuccess": 94.9386243214622,
    "marketOpportunities": 14
  }
}