{
  "timestamp": "2025-08-15T02:51:09.699Z",
  "business": {
    "servicesGenerated": 0,
    "qualityScore": 92.9924742711718,
    "deploymentSuccess": 91.02181171237943,
    "marketOpportunities": 6
  }
}