{
  "timestamp": "2025-08-15T02:44:54.651Z",
  "business": {
    "servicesGenerated": 0,
    "qualityScore": 92.50642271845985,
    "deploymentSuccess": 95.73834425277757,
    "marketOpportunities": 24
  }
}