{
  "timestamp": "2025-08-15T02:27:24.647Z",
  "business": {
    "servicesGenerated": 0,
    "qualityScore": 99.69082993407858,
    "deploymentSuccess": 98.94518576776748,
    "marketOpportunities": 12
  }
}