{
  "timestamp": "2025-08-15T02:49:55.239Z",
  "business": {
    "servicesGenerated": 0,
    "qualityScore": 90.33404236561685,
    "deploymentSuccess": 96.05089815094544,
    "marketOpportunities": 19
  }
}