{
  "timestamp": "2025-08-15T02:44:39.696Z",
  "business": {
    "servicesGenerated": 0,
    "qualityScore": 99.31894989700638,
    "deploymentSuccess": 97.92782202759886,
    "marketOpportunities": 7
  }
}