{
  "timestamp": "2025-08-15T02:48:25.238Z",
  "business": {
    "servicesGenerated": 0,
    "qualityScore": 99.3141380440289,
    "deploymentSuccess": 91.69404264597831,
    "marketOpportunities": 10
  }
}