{
  "timestamp": "2025-08-15T02:27:09.686Z",
  "business": {
    "servicesGenerated": 0,
    "qualityScore": 97.47050587472424,
    "deploymentSuccess": 93.47328107994888,
    "marketOpportunities": 14
  }
}