{
  "timestamp": "2025-08-15T02:42:54.652Z",
  "business": {
    "servicesGenerated": 0,
    "qualityScore": 89.59052792308452,
    "deploymentSuccess": 90.44389641181327,
    "marketOpportunities": 14
  }
}