{
  "timestamp": "2025-08-15T02:38:39.692Z",
  "business": {
    "servicesGenerated": 0,
    "qualityScore": 94.30817705589646,
    "deploymentSuccess": 91.82342676474161,
    "marketOpportunities": 13
  }
}