{
  "timestamp": "2025-08-15T02:47:55.239Z",
  "business": {
    "servicesGenerated": 0,
    "qualityScore": 93.67222332994277,
    "deploymentSuccess": 92.28078420457862,
    "marketOpportunities": 15
  }
}