{
  "timestamp": "2025-08-15T02:42:09.698Z",
  "business": {
    "servicesGenerated": 0,
    "qualityScore": 90.68303077557766,
    "deploymentSuccess": 90.03070939561722,
    "marketOpportunities": 15
  }
}