{
  "timestamp": "2025-08-15T02:44:25.236Z",
  "business": {
    "servicesGenerated": 0,
    "qualityScore": 87.15193401810161,
    "deploymentSuccess": 92.8756206441981,
    "marketOpportunities": 22
  }
}