{
  "timestamp": "2025-08-15T02:27:25.239Z",
  "business": {
    "servicesGenerated": 0,
    "qualityScore": 93.6321866215687,
    "deploymentSuccess": 91.72190147266514,
    "marketOpportunities": 5
  }
}