{
  "timestamp": "2025-08-15T02:25:54.639Z",
  "business": {
    "servicesGenerated": 0,
    "qualityScore": 97.35675404659325,
    "deploymentSuccess": 93.84913824722545,
    "marketOpportunities": 7
  }
}