{
  "timestamp": "2025-08-15T02:23:54.638Z",
  "business": {
    "servicesGenerated": 0,
    "qualityScore": 88.36245129945854,
    "deploymentSuccess": 98.54499113123791,
    "marketOpportunities": 21
  }
}