{
  "timestamp": "2025-08-15T02:42:39.696Z",
  "business": {
    "servicesGenerated": 0,
    "qualityScore": 87.67789155859852,
    "deploymentSuccess": 94.66897064504063,
    "marketOpportunities": 20
  }
}