{
  "timestamp": "2025-08-15T02:41:25.235Z",
  "business": {
    "servicesGenerated": 0,
    "qualityScore": 90.25786545473952,
    "deploymentSuccess": 96.05033086282641,
    "marketOpportunities": 22
  }
}