{
  "timestamp": "2025-08-15T02:53:24.657Z",
  "business": {
    "servicesGenerated": 0,
    "qualityScore": 95.70581220645575,
    "deploymentSuccess": 93.54637844211872,
    "marketOpportunities": 21
  }
}