{
  "timestamp": "2025-08-15T02:51:54.655Z",
  "business": {
    "servicesGenerated": 0,
    "qualityScore": 98.64164720226366,
    "deploymentSuccess": 94.9981887487338,
    "marketOpportunities": 15
  }
}