{
  "timestamp": "2025-08-15T02:43:24.653Z",
  "business": {
    "servicesGenerated": 0,
    "qualityScore": 89.87422487121468,
    "deploymentSuccess": 92.3118635173275,
    "marketOpportunities": 17
  }
}