{
  "timestamp": "2025-08-15T02:37:24.651Z",
  "business": {
    "servicesGenerated": 0,
    "qualityScore": 98.07122610257863,
    "deploymentSuccess": 93.08469455087322,
    "marketOpportunities": 9
  }
}