{
  "timestamp": "2025-08-15T02:24:55.229Z",
  "business": {
    "servicesGenerated": 0,
    "qualityScore": 86.731597561981,
    "deploymentSuccess": 96.88044516294137,
    "marketOpportunities": 6
  }
}