{
  "timestamp": "2025-08-15T02:26:55.229Z",
  "business": {
    "servicesGenerated": 0,
    "qualityScore": 91.98014359422504,
    "deploymentSuccess": 98.07343577326981,
    "marketOpportunities": 15
  }
}