{
  "timestamp": "2025-08-15T02:39:55.236Z",
  "business": {
    "servicesGenerated": 0,
    "qualityScore": 97.87568951943778,
    "deploymentSuccess": 93.03832111527512,
    "marketOpportunities": 18
  }
}