{
  "timestamp": "2025-08-15T02:50:39.699Z",
  "business": {
    "servicesGenerated": 0,
    "qualityScore": 99.44310150148384,
    "deploymentSuccess": 98.065161481414,
    "marketOpportunities": 12
  }
}