{
  "timestamp": "2025-08-15T02:39:09.694Z",
  "business": {
    "servicesGenerated": 0,
    "qualityScore": 99.78014306653475,
    "deploymentSuccess": 90.44611698669286,
    "marketOpportunities": 10
  }
}