{
  "timestamp": "2025-08-15T02:49:09.700Z",
  "business": {
    "servicesGenerated": 0,
    "qualityScore": 93.1697446486877,
    "deploymentSuccess": 92.98842825281186,
    "marketOpportunities": 15
  }
}