{
  "timestamp": "2025-08-15T02:37:55.235Z",
  "business": {
    "servicesGenerated": 0,
    "qualityScore": 89.44605597906451,
    "deploymentSuccess": 96.09134062108676,
    "marketOpportunities": 12
  }
}