{
  "timestamp": "2025-08-15T02:52:09.699Z",
  "business": {
    "servicesGenerated": 0,
    "qualityScore": 96.50001539844763,
    "deploymentSuccess": 96.23535123064926,
    "marketOpportunities": 5
  }
}