{
  "timestamp": "2025-08-15T02:45:39.696Z",
  "business": {
    "servicesGenerated": 0,
    "qualityScore": 88.9606321836483,
    "deploymentSuccess": 94.03126362140917,
    "marketOpportunities": 17
  }
}