{
  "timestamp": "2025-08-15T02:44:55.235Z",
  "business": {
    "servicesGenerated": 0,
    "qualityScore": 89.18138749047726,
    "deploymentSuccess": 90.44163161174474,
    "marketOpportunities": 7
  }
}