{
  "timestamp": "2025-08-15T02:41:55.238Z",
  "business": {
    "servicesGenerated": 0,
    "qualityScore": 86.44427019772579,
    "deploymentSuccess": 91.8662294842711,
    "marketOpportunities": 24
  }
}