{
  "timestamp": "2025-08-15T02:40:25.235Z",
  "business": {
    "servicesGenerated": 0,
    "qualityScore": 85.74065215984278,
    "deploymentSuccess": 98.19103123610466,
    "marketOpportunities": 18
  }
}