{
  "timestamp": "2025-08-15T02:52:55.239Z",
  "business": {
    "servicesGenerated": 0,
    "qualityScore": 86.28130915323743,
    "deploymentSuccess": 95.95489617606293,
    "marketOpportunities": 10
  }
}