{
  "timestamp": "2025-08-15T02:44:09.696Z",
  "business": {
    "servicesGenerated": 0,
    "qualityScore": 92.8669285813493,
    "deploymentSuccess": 98.38996305053409,
    "marketOpportunities": 16
  }
}