{
  "timestamp": "2025-08-15T02:50:54.654Z",
  "business": {
    "servicesGenerated": 0,
    "qualityScore": 92.27926092107114,
    "deploymentSuccess": 91.37867134566574,
    "marketOpportunities": 8
  }
}