{
  "timestamp": "2025-08-15T02:41:24.652Z",
  "business": {
    "servicesGenerated": 0,
    "qualityScore": 94.3204804746278,
    "deploymentSuccess": 92.51950792669784,
    "marketOpportunities": 15
  }
}