{
  "timestamp": "2025-08-15T02:50:09.699Z",
  "business": {
    "servicesGenerated": 0,
    "qualityScore": 89.65723788751141,
    "deploymentSuccess": 97.33595304931072,
    "marketOpportunities": 10
  }
}