{
  "timestamp": "2025-08-15T02:52:54.654Z",
  "business": {
    "servicesGenerated": 0,
    "qualityScore": 91.67546072353181,
    "deploymentSuccess": 90.07877729254895,
    "marketOpportunities": 21
  }
}