{
  "timestamp": "2025-08-15T02:39:39.692Z",
  "business": {
    "servicesGenerated": 0,
    "qualityScore": 97.5863869901232,
    "deploymentSuccess": 93.26217747429868,
    "marketOpportunities": 6
  }
}