{
  "timestamp": "2025-08-15T02:49:25.237Z",
  "business": {
    "servicesGenerated": 0,
    "qualityScore": 98.6305510906412,
    "deploymentSuccess": 97.7839394901637,
    "marketOpportunities": 7
  }
}