{
  "timestamp": "2025-08-15T02:23:24.638Z",
  "business": {
    "servicesGenerated": 0,
    "qualityScore": 98.2087464709574,
    "deploymentSuccess": 91.65908105250149,
    "marketOpportunities": 16
  }
}