{
  "timestamp": "2025-08-15T02:51:39.698Z",
  "business": {
    "servicesGenerated": 0,
    "qualityScore": 90.80142638289404,
    "deploymentSuccess": 95.22933019654499,
    "marketOpportunities": 13
  }
}