{
  "timestamp": "2025-08-15T02:51:24.655Z",
  "business": {
    "servicesGenerated": 0,
    "qualityScore": 92.03356596131862,
    "deploymentSuccess": 94.69347848971603,
    "marketOpportunities": 12
  }
}