{
  "timestamp": "2025-08-15T02:26:39.686Z",
  "business": {
    "servicesGenerated": 0,
    "qualityScore": 92.80675787618875,
    "deploymentSuccess": 98.13878803723276,
    "marketOpportunities": 8
  }
}