{
  "timestamp": "2025-08-15T02:26:25.228Z",
  "business": {
    "servicesGenerated": 0,
    "qualityScore": 92.78292829059207,
    "deploymentSuccess": 94.1996189804277,
    "marketOpportunities": 11
  }
}