{
  "timestamp": "2025-08-15T02:48:55.237Z",
  "business": {
    "servicesGenerated": 0,
    "qualityScore": 88.46073129224074,
    "deploymentSuccess": 98.11385745557514,
    "marketOpportunities": 11
  }
}