{
  "timestamp": "2025-08-15T02:45:25.236Z",
  "business": {
    "servicesGenerated": 0,
    "qualityScore": 95.5442128994043,
    "deploymentSuccess": 94.60890573911232,
    "marketOpportunities": 11
  }
}