{
  "timestamp": "2025-08-15T02:49:54.655Z",
  "business": {
    "servicesGenerated": 0,
    "qualityScore": 91.70892041917837,
    "deploymentSuccess": 91.66822151596645,
    "marketOpportunities": 18
  }
}