{
  "timestamp": "2025-08-15T02:43:25.236Z",
  "business": {
    "servicesGenerated": 0,
    "qualityScore": 87.48541437584278,
    "deploymentSuccess": 93.07472977728148,
    "marketOpportunities": 12
  }
}