{
  "timestamp": "2025-08-15T02:41:54.653Z",
  "business": {
    "servicesGenerated": 0,
    "qualityScore": 92.48472187483777,
    "deploymentSuccess": 97.77252130454389,
    "marketOpportunities": 21
  }
}