{
  "timestamp": "2025-08-15T02:48:24.654Z",
  "business": {
    "servicesGenerated": 0,
    "qualityScore": 89.14779220768513,
    "deploymentSuccess": 91.41137443164494,
    "marketOpportunities": 5
  }
}