{
  "timestamp": "2025-08-15T02:48:54.653Z",
  "business": {
    "servicesGenerated": 0,
    "qualityScore": 93.46542183412832,
    "deploymentSuccess": 94.5374083536178,
    "marketOpportunities": 6
  }
}