{
  "timestamp": "2025-08-15T02:43:39.696Z",
  "business": {
    "servicesGenerated": 0,
    "qualityScore": 96.76171852523558,
    "deploymentSuccess": 92.23915852689615,
    "marketOpportunities": 14
  }
}