{
  "timestamp": "2025-08-15T02:47:24.653Z",
  "business": {
    "servicesGenerated": 0,
    "qualityScore": 90.89169536480728,
    "deploymentSuccess": 91.35886873717998,
    "marketOpportunities": 23
  }
}