{
  "timestamp": "2025-08-15T02:40:39.695Z",
  "business": {
    "servicesGenerated": 0,
    "qualityScore": 90.53256153151113,
    "deploymentSuccess": 94.73217933059662,
    "marketOpportunities": 7
  }
}