{
  "timestamp": "2025-08-15T02:24:39.685Z",
  "business": {
    "servicesGenerated": 0,
    "qualityScore": 93.04633830437423,
    "deploymentSuccess": 90.56112906469254,
    "marketOpportunities": 13
  }
}