{
  "timestamp": "2025-08-15T02:43:54.652Z",
  "business": {
    "servicesGenerated": 0,
    "qualityScore": 91.33591603402698,
    "deploymentSuccess": 98.11583156261361,
    "marketOpportunities": 21
  }
}