{
  "timestamp": "2025-08-15T02:40:55.234Z",
  "business": {
    "servicesGenerated": 0,
    "qualityScore": 88.49704295625192,
    "deploymentSuccess": 94.60455446731527,
    "marketOpportunities": 12
  }
}