{
  "timestamp": "2025-08-15T02:43:39.695Z",
  "performance": {
    "responseTimes": 1,
    "throughput": 64.15620332008186,
    "errorRates": 0.9914818115197264,
    "availability": 99.87611690775498
  }
}