{
  "timestamp": "2025-08-15T02:25:25.228Z",
  "performance": {
    "responseTimes": 1,
    "throughput": 93.71663634569464,
    "errorRates": 0.632358135367892,
    "availability": 99.61467123163771
  }
}