{
  "timestamp": "2025-08-15T02:48:09.698Z",
  "performance": {
    "responseTimes": 0,
    "throughput": 57.64033411760361,
    "errorRates": 1.0319585635228563,
    "availability": 99.79919278964336
  }
}