{
  "timestamp": "2025-08-15T02:37:39.691Z",
  "performance": {
    "responseTimes": 1,
    "throughput": 135.9010674955859,
    "errorRates": 0.6426687318711619,
    "availability": 99.73712491634323
  }
}