{
  "timestamp": "2025-08-15T02:39:39.691Z",
  "performance": {
    "responseTimes": 1,
    "throughput": 117.50509654656152,
    "errorRates": 1.8426645600429374,
    "availability": 99.55596353757863
  }
}