{
  "timestamp": "2025-08-15T02:22:09.684Z",
  "performance": {
    "responseTimes": 1,
    "throughput": 95.83095644991678,
    "errorRates": 0.8556656634030158,
    "availability": 99.81943921636429
  }
}