{
  "timestamp": "2025-08-15T02:43:24.652Z",
  "performance": {
    "responseTimes": 1,
    "throughput": 108.1882482393876,
    "errorRates": 0.580371732450021,
    "availability": 99.59754490463715
  }
}