{
  "timestamp": "2025-08-15T02:48:55.237Z",
  "performance": {
    "responseTimes": 0,
    "throughput": 57.064921553327366,
    "errorRates": 1.0734138095613681,
    "availability": 99.71027558689366
  }
}