{
  "timestamp": "2025-08-15T02:42:25.234Z",
  "performance": {
    "responseTimes": 1,
    "throughput": 100.61425005313978,
    "errorRates": 0.7715153709204068,
    "availability": 99.56824110486515
  }
}