{
  "timestamp": "2025-08-15T02:49:09.699Z",
  "performance": {
    "responseTimes": 1,
    "throughput": 148.57337240131704,
    "errorRates": 0.2970797693492613,
    "availability": 99.94906665377836
  }
}