{
  "timestamp": "2025-08-15T02:52:55.239Z",
  "performance": {
    "responseTimes": 1,
    "throughput": 130.5282720223272,
    "errorRates": 0.1811620285159612,
    "availability": 99.98944789999207
  }
}