{
  "timestamp": "2025-08-15T02:39:09.693Z",
  "performance": {
    "responseTimes": 1,
    "throughput": 90.34546795572075,
    "errorRates": 0.08556679504780096,
    "availability": 99.50474306564733
  }
}