{
  "timestamp": "2025-08-15T02:44:54.651Z",
  "performance": {
    "responseTimes": 21,
    "throughput": 139.4769852566255,
    "errorRates": 1.071145907865303,
    "availability": 99.52843716056263
  }
}