{
  "timestamp": "2025-08-15T02:51:09.699Z",
  "performance": {
    "responseTimes": 2,
    "throughput": 70.73140407449623,
    "errorRates": 1.1755997434473966,
    "availability": 99.84223670054185
  }
}