{
  "timestamp": "2025-08-15T02:40:24.654Z",
  "performance": {
    "responseTimes": 1,
    "throughput": 87.75445573593142,
    "errorRates": 0.7307542207487239,
    "availability": 99.53893418208523
  }
}