{
  "timestamp": "2025-08-15T02:37:25.235Z",
  "performance": {
    "responseTimes": 1,
    "throughput": 103.70789686193694,
    "errorRates": 0.24325319558208314,
    "availability": 99.5198068387042
  }
}