{
  "timestamp": "2025-08-15T02:22:54.637Z",
  "performance": {
    "responseTimes": 1,
    "throughput": 119.94539137849358,
    "errorRates": 0.9114477204687486,
    "availability": 99.72720513957154
  }
}