{
  "timestamp": "2025-08-15T02:26:39.685Z",
  "performance": {
    "responseTimes": 0,
    "throughput": 139.37108659436996,
    "errorRates": 1.917452867674739,
    "availability": 99.64210488493411
  }
}