{
  "timestamp": "2025-08-15T02:51:24.655Z",
  "performance": {
    "responseTimes": 1,
    "throughput": 52.68448713694522,
    "errorRates": 0.5788338561406703,
    "availability": 99.6210220719793
  }
}