{
  "timestamp": "2025-08-15T02:50:39.698Z",
  "performance": {
    "responseTimes": 2,
    "throughput": 81.07763364697813,
    "errorRates": 0.3348436881012202,
    "availability": 99.78456270435811
  }
}