{
  "timestamp": "2025-08-15T02:24:55.228Z",
  "performance": {
    "responseTimes": 0,
    "throughput": 130.881719772346,
    "errorRates": 1.4505666232240686,
    "availability": 99.9396405573299
  }
}