{
  "timestamp": "2025-08-15T02:45:55.237Z",
  "performance": {
    "responseTimes": 1,
    "throughput": 60.28844065222272,
    "errorRates": 1.2813665816499333,
    "availability": 99.6453341218258
  }
}