{
  "timestamp": "2025-08-15T02:49:24.654Z",
  "performance": {
    "responseTimes": 1,
    "throughput": 89.96475260742966,
    "errorRates": 1.2743791624032372,
    "availability": 99.71962766096384
  }
}