{
  "timestamp": "2025-08-15T02:50:09.699Z",
  "performance": {
    "responseTimes": 1,
    "throughput": 70.01899204090864,
    "errorRates": 1.6081628077892876,
    "availability": 99.61893354403153
  }
}