{
  "timestamp": "2025-08-15T02:51:39.698Z",
  "performance": {
    "responseTimes": 1,
    "throughput": 78.30051976047751,
    "errorRates": 1.6834626128060433,
    "availability": 99.62089101293313
  }
}