{
  "timestamp": "2025-08-15T02:53:25.238Z",
  "performance": {
    "responseTimes": 2,
    "throughput": 128.0963223019066,
    "errorRates": 1.8183035592342907,
    "availability": 99.60295594388087
  }
}