{
  "timestamp": "2025-08-15T02:25:39.683Z",
  "performance": {
    "responseTimes": 1,
    "throughput": 61.24100703289943,
    "errorRates": 1.1964491229115777,
    "availability": 99.57135329428638
  }
}