{
  "timestamp": "2025-08-15T02:23:25.229Z",
  "performance": {
    "responseTimes": 1,
    "throughput": 90.12425207894947,
    "errorRates": 1.517079123214073,
    "availability": 99.73488282339048
  }
}