{
  "timestamp": "2025-08-15T02:45:24.652Z",
  "performance": {
    "responseTimes": 2,
    "throughput": 133.36943284196335,
    "errorRates": 1.0573405695737472,
    "availability": 99.87828025678007
  }
}