{
  "timestamp": "2025-08-15T02:47:25.238Z",
  "performance": {
    "responseTimes": 2,
    "throughput": 68.63724743485724,
    "errorRates": 1.2465413098759681,
    "availability": 99.85909539644827
  }
}