{
  "timestamp": "2025-08-15T02:46:39.696Z",
  "performance": {
    "responseTimes": 1,
    "throughput": 84.88991904449477,
    "errorRates": 1.1508929053135315,
    "availability": 99.68054464981945
  }
}