{
  "timestamp": "2025-08-15T02:45:39.696Z",
  "performance": {
    "responseTimes": 2,
    "throughput": 145.06558233927873,
    "errorRates": 0.7010317343111208,
    "availability": 99.86572504454422
  }
}