{
  "timestamp": "2025-08-15T02:24:54.638Z",
  "performance": {
    "responseTimes": 1,
    "throughput": 141.20895918246146,
    "errorRates": 0.2187715818380851,
    "availability": 99.53521870995458
  }
}