{
  "timestamp": "2025-08-15T02:38:25.234Z",
  "performance": {
    "responseTimes": 1,
    "throughput": 70.60006293946282,
    "errorRates": 1.7662741040200642,
    "availability": 99.94896347528976
  }
}