{
  "timestamp": "2025-08-15T02:47:55.238Z",
  "performance": {
    "responseTimes": 1,
    "throughput": 119.0464621461252,
    "errorRates": 0.011551908238646824,
    "availability": 99.89386907035231
  }
}