{
  "timestamp": "2025-08-15T02:22:39.685Z",
  "performance": {
    "responseTimes": 1,
    "throughput": 50.60649753575308,
    "errorRates": 1.7686115813991452,
    "availability": 99.68751230927344
  }
}