{
  "timestamp": "2025-08-15T02:46:25.237Z",
  "performance": {
    "responseTimes": 1,
    "throughput": 102.99398097648259,
    "errorRates": 1.2574196228628076,
    "availability": 99.50044871293699
  }
}