{
  "timestamp": "2025-08-15T02:47:24.652Z",
  "performance": {
    "responseTimes": 1,
    "throughput": 93.18768558896619,
    "errorRates": 0.2729603403713958,
    "availability": 99.73687381791436
  }
}