{
  "timestamp": "2025-08-15T02:42:24.651Z",
  "performance": {
    "responseTimes": 1,
    "throughput": 120.26924114490514,
    "errorRates": 0.5088917969924842,
    "availability": 99.97275382298929
  }
}