{
  "timestamp": "2025-08-15T02:52:54.654Z",
  "performance": {
    "responseTimes": 2,
    "throughput": 82.64424231682099,
    "errorRates": 0.3399120981420496,
    "availability": 99.72789174614945
  }
}