{
  "timestamp": "2025-08-15T02:26:25.228Z",
  "performance": {
    "responseTimes": 0,
    "throughput": 130.08445447650362,
    "errorRates": 0.5030100043858976,
    "availability": 99.8337423297403
  }
}