{
  "timestamp": "2025-08-15T02:52:24.655Z",
  "performance": {
    "responseTimes": 1,
    "throughput": 101.41636097124065,
    "errorRates": 0.24198002043690847,
    "availability": 99.67981652945461
  }
}