{
  "timestamp": "2025-08-15T02:47:09.697Z",
  "performance": {
    "responseTimes": 1,
    "throughput": 58.527962966963365,
    "errorRates": 0.8249010346773318,
    "availability": 99.58637603011083
  }
}