{
  "timestamp": "2025-08-15T02:51:25.238Z",
  "performance": {
    "responseTimes": 1,
    "throughput": 118.86516887096509,
    "errorRates": 0.2806306016243356,
    "availability": 99.64077227462603
  }
}