{
  "timestamp": "2025-08-15T02:46:24.652Z",
  "performance": {
    "responseTimes": 1,
    "throughput": 108.92417228367034,
    "errorRates": 1.6297809691439116,
    "availability": 99.72336370965853
  }
}