{
  "timestamp": "2025-08-15T02:49:55.238Z",
  "performance": {
    "responseTimes": 2,
    "throughput": 111.68021789718763,
    "errorRates": 1.7039174899484455,
    "availability": 99.97574309735133
  }
}