{
  "timestamp": "2025-08-15T02:49:25.237Z",
  "performance": {
    "responseTimes": 2,
    "throughput": 126.85803340487965,
    "errorRates": 0.9819079873876322,
    "availability": 99.84180409238448
  }
}