{
  "timestamp": "2025-08-15T02:42:54.652Z",
  "performance": {
    "responseTimes": 0,
    "throughput": 75.60271305933554,
    "errorRates": 0.49966264590710097,
    "availability": 99.59781606784486
  }
}