{
  "timestamp": "2025-08-15T02:45:09.697Z",
  "performance": {
    "responseTimes": 2,
    "throughput": 72.23897935060239,
    "errorRates": 0.6403636720442436,
    "availability": 99.73660457512409
  }
}