{
  "timestamp": "2025-08-15T02:23:54.637Z",
  "performance": {
    "responseTimes": 1,
    "throughput": 110.04458136431816,
    "errorRates": 0.600590490210366,
    "availability": 99.58876466568115
  }
}