{
  "timestamp": "2025-08-15T02:50:54.654Z",
  "performance": {
    "responseTimes": 5,
    "throughput": 77.27606666456495,
    "errorRates": 0.05628762679212196,
    "availability": 99.97579358180234
  }
}