{
  "timestamp": "2025-08-15T02:27:25.239Z",
  "performance": {
    "responseTimes": 1,
    "throughput": 60.7797413644861,
    "errorRates": 1.5008194028314277,
    "availability": 99.94395150076862
  }
}