{
  "timestamp": "2025-08-15T02:43:55.236Z",
  "performance": {
    "responseTimes": 0,
    "throughput": 145.43042562641668,
    "errorRates": 1.866426363675477,
    "availability": 99.78190937894047
  }
}