{
  "timestamp": "2025-08-15T02:38:39.692Z",
  "performance": {
    "responseTimes": 3,
    "throughput": 101.67226557275673,
    "errorRates": 0.8418489776886777,
    "availability": 99.69327679589605
  }
}