{
  "timestamp": "2025-08-15T02:44:24.652Z",
  "performance": {
    "responseTimes": 1,
    "throughput": 109.2988336218744,
    "errorRates": 0.44001110894117446,
    "availability": 99.91742405158999
  }
}