{
  "timestamp": "2025-08-15T02:23:55.229Z",
  "performance": {
    "responseTimes": 1,
    "throughput": 86.90517107012583,
    "errorRates": 0.4635457379556369,
    "availability": 99.67987407585962
  }
}