{
  "timestamp": "2025-08-15T02:51:54.655Z",
  "performance": {
    "responseTimes": 1,
    "throughput": 54.858278937972216,
    "errorRates": 0.6356098273966988,
    "availability": 99.72689331535292
  }
}