{
  "timestamp": "2025-08-15T02:22:25.229Z",
  "performance": {
    "responseTimes": 1,
    "throughput": 127.55414178142178,
    "errorRates": 1.4841148249947538,
    "availability": 99.67172313774311
  }
}