{
  "timestamp": "2025-08-15T02:25:54.639Z",
  "performance": {
    "responseTimes": 1,
    "throughput": 100.6397961563884,
    "errorRates": 1.6717439392985756,
    "availability": 99.99112931992349
  }
}