{
  "timestamp": "2025-08-15T02:40:09.694Z",
  "performance": {
    "responseTimes": 0,
    "throughput": 84.06672347775839,
    "errorRates": 1.5561583490686752,
    "availability": 99.93725110959615
  }
}