{
  "timestamp": "2025-08-15T02:53:39.697Z",
  "performance": {
    "responseTimes": 0,
    "throughput": 56.32207836524259,
    "errorRates": 1.4195187789876007,
    "availability": 99.68339270177967
  }
}