{
  "timestamp": "2025-08-15T02:23:24.638Z",
  "performance": {
    "responseTimes": 2,
    "throughput": 113.52522495545031,
    "errorRates": 1.4840275177636166,
    "availability": 99.7870589824325
  }
}