{
  "timestamp": "2025-08-15T02:22:24.638Z",
  "performance": {
    "responseTimes": 1,
    "throughput": 121.7555025123732,
    "errorRates": 0.9018245640058571,
    "availability": 99.83380046072928
  }
}