{
  "timestamp": "2025-08-15T02:36:55.234Z",
  "performance": {
    "responseTimes": 0,
    "throughput": 141.90235561634222,
    "errorRates": 0.042210550250421974,
    "availability": 99.77627071070417
  }
}