{
  "timestamp": "2025-08-15T02:51:55.239Z",
  "performance": {
    "responseTimes": 1,
    "throughput": 105.33386321078216,
    "errorRates": 1.811511067031097,
    "availability": 99.76810663268901
  }
}