{
  "timestamp": "2025-08-15T02:50:25.239Z",
  "performance": {
    "responseTimes": 1,
    "throughput": 148.80179298939353,
    "errorRates": 1.7826440726718804,
    "availability": 99.85363815301669
  }
}