{
  "timestamp": "2025-08-15T02:52:09.699Z",
  "performance": {
    "responseTimes": 1,
    "throughput": 124.55977373567788,
    "errorRates": 1.825925904201537,
    "availability": 99.52491845834695
  }
}