{
  "timestamp": "2025-08-15T02:39:25.234Z",
  "performance": {
    "responseTimes": 1,
    "throughput": 96.11114643986673,
    "errorRates": 0.7055879742969289,
    "availability": 99.62877288034838
  }
}