{
  "timestamp": "2025-08-15T02:44:39.696Z",
  "performance": {
    "responseTimes": 0,
    "throughput": 148.953344483153,
    "errorRates": 1.9207802012214832,
    "availability": 99.65253104422911
  }
}