{
  "timestamp": "2025-08-15T02:43:09.696Z",
  "performance": {
    "responseTimes": 1,
    "throughput": 99.89405479416962,
    "errorRates": 1.8983646429019116,
    "availability": 99.77725058810438
  }
}