{
  "timestamp": "2025-08-15T02:43:54.652Z",
  "performance": {
    "responseTimes": 0,
    "throughput": 142.41123115245983,
    "errorRates": 0.6992651183695222,
    "availability": 99.54279045038481
  }
}