{
  "timestamp": "2025-08-15T02:39:55.236Z",
  "performance": {
    "responseTimes": 0,
    "throughput": 63.10964540555541,
    "errorRates": 0.8506228646868892,
    "availability": 99.61642041591944
  }
}