{
  "timestamp": "2025-08-15T02:26:54.639Z",
  "performance": {
    "responseTimes": 2,
    "throughput": 112.36606522510831,
    "errorRates": 0.7942124870074152,
    "availability": 99.676808335009
  }
}