{
  "timestamp": "2025-08-15T02:48:25.238Z",
  "performance": {
    "responseTimes": 1,
    "throughput": 74.27802490425539,
    "errorRates": 0.5398080876553477,
    "availability": 99.97955242142183
  }
}