{
  "timestamp": "2025-08-15T02:46:55.236Z",
  "performance": {
    "responseTimes": 1,
    "throughput": 125.82609439058585,
    "errorRates": 0.5148772686417233,
    "availability": 99.83444548602544
  }
}