{
  "timestamp": "2025-08-15T02:37:24.650Z",
  "performance": {
    "responseTimes": 1,
    "throughput": 105.09588709586916,
    "errorRates": 1.8805039528281844,
    "availability": 99.52493890781902
  }
}