{
  "timestamp": "2025-08-15T02:40:39.694Z",
  "performance": {
    "responseTimes": 0,
    "throughput": 137.38333871215596,
    "errorRates": 1.9821687279933986,
    "availability": 99.90157121038517
  }
}