{
  "timestamp": "2025-08-15T02:23:39.684Z",
  "performance": {
    "responseTimes": 1,
    "throughput": 136.26555146488226,
    "errorRates": 1.6506406238005606,
    "availability": 99.62226648280146
  }
}