{
  "timestamp": "2025-08-15T02:37:55.235Z",
  "performance": {
    "responseTimes": 1,
    "throughput": 141.61923137796714,
    "errorRates": 1.284669179250507,
    "availability": 99.76454322262138
  }
}