{
  "timestamp": "2025-08-15T02:24:39.684Z",
  "performance": {
    "responseTimes": 1,
    "throughput": 123.42241725974898,
    "errorRates": 1.2436970080701357,
    "availability": 99.56900811371673
  }
}