{
  "timestamp": "2025-08-15T02:25:55.229Z",
  "performance": {
    "responseTimes": 2,
    "throughput": 141.38352774255335,
    "errorRates": 0.43441769939259833,
    "availability": 99.59527426554656
  }
}