{
  "timestamp": "2025-08-15T02:50:24.655Z",
  "performance": {
    "responseTimes": 1,
    "throughput": 94.4544057963834,
    "errorRates": 1.8982412814778722,
    "availability": 99.76606232185179
  }
}