{
  "timestamp": "2025-08-15T02:47:39.697Z",
  "performance": {
    "responseTimes": 2,
    "throughput": 63.70191904098175,
    "errorRates": 1.3148043936733704,
    "availability": 99.94460191786736
  }
}