{
  "timestamp": "2025-08-15T02:40:54.652Z",
  "performance": {
    "responseTimes": 6,
    "throughput": 75.23068677391058,
    "errorRates": 0.4494413446508845,
    "availability": 99.75851821836491
  }
}