{
  "timestamp": "2025-08-15T02:25:09.685Z",
  "performance": {
    "responseTimes": 2,
    "throughput": 74.68142961261152,
    "errorRates": 1.5255016290260093,
    "availability": 99.71546742744736
  }
}