{
  "timestamp": "2025-08-15T02:24:09.685Z",
  "performance": {
    "responseTimes": 1,
    "throughput": 71.93656060133296,
    "errorRates": 0.007468620944023563,
    "availability": 99.67064913723486
  }
}