{
  "timestamp": "2025-08-15T02:42:39.695Z",
  "performance": {
    "responseTimes": 1,
    "throughput": 132.4932623214005,
    "errorRates": 1.2565426084816935,
    "availability": 99.89109711250553
  }
}