{
  "timestamp": "2025-08-15T02:27:09.686Z",
  "performance": {
    "responseTimes": 1,
    "throughput": 107.82740971236959,
    "errorRates": 0.3399543210801217,
    "availability": 99.64863574215633
  }
}