{
  "timestamp": "2025-08-15T02:26:24.639Z",
  "performance": {
    "responseTimes": 2,
    "throughput": 87.18202070308752,
    "errorRates": 1.4260244904736998,
    "availability": 99.53631001600223
  }
}