{
  "timestamp": "2025-08-15T02:48:39.698Z",
  "performance": {
    "responseTimes": 0,
    "throughput": 63.00264875890109,
    "errorRates": 0.21648361266038307,
    "availability": 99.54572130310773
  }
}