{
  "timestamp": "2025-08-15T02:42:09.697Z",
  "performance": {
    "responseTimes": 1,
    "throughput": 72.74632083406686,
    "errorRates": 1.4462308974239444,
    "availability": 99.88716061532314
  }
}