{
  "timestamp": "2025-08-15T02:48:24.653Z",
  "performance": {
    "responseTimes": 1,
    "throughput": 114.60332836912681,
    "errorRates": 1.9702312037483947,
    "availability": 99.72249216789415
  }
}