{
  "timestamp": "2025-08-15T02:45:54.652Z",
  "performance": {
    "responseTimes": 0,
    "throughput": 149.74687094747935,
    "errorRates": 1.6949063273977232,
    "availability": 99.60284430231034
  }
}