{
  "timestamp": "2025-08-15T02:49:54.655Z",
  "performance": {
    "responseTimes": 1,
    "throughput": 124.1056945719526,
    "errorRates": 0.5951586660880359,
    "availability": 99.59560398790265
  }
}