{
  "timestamp": "2025-08-15T02:48:54.653Z",
  "performance": {
    "responseTimes": 1,
    "throughput": 87.70504021682314,
    "errorRates": 0.09589588391391857,
    "availability": 99.52325769680502
  }
}