{
  "timestamp": "2025-08-15T02:52:25.239Z",
  "performance": {
    "responseTimes": 1,
    "throughput": 99.70132147093291,
    "errorRates": 0.28975512522710645,
    "availability": 99.5617419047544
  }
}