{
  "timestamp": "2025-08-15T02:46:09.697Z",
  "performance": {
    "responseTimes": 2,
    "throughput": 140.2119191857278,
    "errorRates": 0.43120475975196193,
    "availability": 99.67946455118573
  }
}