{
  "timestamp": "2025-08-15T02:25:24.640Z",
  "performance": {
    "responseTimes": 1,
    "throughput": 116.187094349163,
    "errorRates": 1.823434447318789,
    "availability": 99.89811268722713
  }
}