{
  "timestamp": "2025-08-15T02:44:25.236Z",
  "performance": {
    "responseTimes": 1,
    "throughput": 77.81693732622267,
    "errorRates": 1.1635606372960607,
    "availability": 99.84409292879451
  }
}