{
  "timestamp": "2025-08-15T02:44:55.235Z",
  "performance": {
    "responseTimes": 1,
    "throughput": 81.02026433089637,
    "errorRates": 1.8188291821407838,
    "availability": 99.92149832481746
  }
}