{
  "timestamp": "2025-08-15T02:24:24.641Z",
  "performance": {
    "responseTimes": 3,
    "throughput": 122.87463459831964,
    "errorRates": 1.7005748247215942,
    "availability": 99.90881691557588
  }
}