{
  "timestamp": "2025-08-15T02:22:55.229Z",
  "performance": {
    "responseTimes": 1,
    "throughput": 76.70666582924488,
    "errorRates": 1.0767535771034513,
    "availability": 99.90826893516869
  }
}