{
  "timestamp": "2025-08-15T02:43:25.235Z",
  "performance": {
    "responseTimes": 1,
    "throughput": 98.17852157042907,
    "errorRates": 1.1341422936518866,
    "availability": 99.77828403656042
  }
}