{
  "timestamp": "2025-08-15T02:39:54.652Z",
  "performance": {
    "responseTimes": 1,
    "throughput": 73.10085238764103,
    "errorRates": 0.7456429510970071,
    "availability": 99.75160574272752
  }
}