{
  "timestamp": "2025-08-15T02:52:39.699Z",
  "performance": {
    "responseTimes": 1,
    "throughput": 70.0568290294785,
    "errorRates": 0.014372259959250844,
    "availability": 99.72230626720987
  }
}