{
  "timestamp": "2025-08-15T02:53:24.656Z",
  "performance": {
    "responseTimes": 1,
    "throughput": 71.78498154263286,
    "errorRates": 0.611331851049485,
    "availability": 99.91910163663977
  }
}