{
  "timestamp": "2025-08-15T02:26:09.685Z",
  "performance": {
    "responseTimes": 1,
    "throughput": 69.9867737446759,
    "errorRates": 1.8186206136346041,
    "availability": 99.84264346690598
  }
}