{
  "timestamp": "2025-08-15T02:45:25.236Z",
  "performance": {
    "responseTimes": 2,
    "throughput": 55.616047071764754,
    "errorRates": 1.4047283927985186,
    "availability": 99.80253119191518
  }
}