{
  "timestamp": "2025-08-15T02:24:25.231Z",
  "performance": {
    "responseTimes": 4,
    "throughput": 96.13339607594342,
    "errorRates": 1.648613709878409,
    "availability": 99.69171063770368
  }
}