{
  "timestamp": "2025-08-15T02:23:09.685Z",
  "performance": {
    "responseTimes": 2,
    "throughput": 108.29929818905728,
    "errorRates": 0.7701705801136463,
    "availability": 99.85359902741163
  }
}