{
  "timestamp": "2025-08-15T02:27:39.685Z",
  "performance": {
    "responseTimes": 0,
    "throughput": 68.79621699891392,
    "errorRates": 1.3058748104246751,
    "availability": 99.88690527182243
  }
}