{
  "timestamp": "2025-08-15T02:46:54.651Z",
  "performance": {
    "responseTimes": 1,
    "throughput": 69.88059002791044,
    "errorRates": 0.34436837141755694,
    "availability": 99.8252338600484
  }
}