{
  "timestamp": "2025-08-15T02:38:54.649Z",
  "performance": {
    "responseTimes": 0,
    "throughput": 89.81237536829197,
    "errorRates": 1.4737561929974485,
    "availability": 99.6329134472782
  }
}