{
  "timestamp": "2025-08-15T02:50:55.238Z",
  "performance": {
    "responseTimes": 0,
    "throughput": 146.8320742777094,
    "errorRates": 1.7845070525165432,
    "availability": 99.93800443126696
  }
}