{
  "timestamp": "2025-08-15T02:27:24.647Z",
  "performance": {
    "responseTimes": 1,
    "throughput": 59.12675450671634,
    "errorRates": 1.568530683075478,
    "availability": 99.89575124276537
  }
}