{
  "timestamp": "2025-08-15T02:53:09.699Z",
  "performance": {
    "responseTimes": 1,
    "throughput": 104.70633945337526,
    "errorRates": 1.8678428925593211,
    "availability": 99.55838283872917
  }
}