{
  "timestamp": "2025-08-15T02:26:55.228Z",
  "performance": {
    "responseTimes": 0,
    "throughput": 122.6844786591242,
    "errorRates": 1.0252198430352366,
    "availability": 99.98395394135223
  }
}