{
  "timestamp": "2025-08-15T02:47:54.653Z",
  "performance": {
    "responseTimes": 1,
    "throughput": 131.55436558325297,
    "errorRates": 0.6524769324999808,
    "availability": 99.60249487851371
  }
}