{
  "timestamp": "2025-08-15T02:49:39.698Z",
  "performance": {
    "responseTimes": 1,
    "throughput": 75.3138811279771,
    "errorRates": 1.3678652267959661,
    "availability": 99.57239000750609
  }
}