{
  "timestamp": "2025-08-15T02:38:55.233Z",
  "performance": {
    "responseTimes": 0,
    "throughput": 79.02359056968172,
    "errorRates": 0.04301097909009366,
    "availability": 99.88702479235303
  }
}