{
  "timestamp": "2025-08-15T02:44:09.696Z",
  "performance": {
    "responseTimes": 1,
    "throughput": 146.92511121813106,
    "errorRates": 1.3363477885214508,
    "availability": 99.71162892865613
  }
}