{
  "timestamp": "2025-08-15T02:42:55.235Z",
  "performance": {
    "responseTimes": 1,
    "throughput": 116.22927999305608,
    "errorRates": 0.24455819196284967,
    "availability": 99.55206314763377
  }
}