{
  "timestamp": "2025-08-15T02:41:54.609Z",
  "predictions": {
    "resourceUsage": {
      "1hour": 1823.477772737563,
      "6hours": 1825.8666364253786,
      "24hours": 1834.4665457015144
    },
    "performance": {
      "1hour": 2.1594856001984013,
      "6hours": 7.956913601190406,
      "24hours": 28.827654404761624
    },
    "business": {
      "1hour": 89.75765388258044,
      "6hours": 87.25659602178506,
      "24hours": 78.25278772292168
    }
  }
}