{
  "timestamp": "2025-08-15T02:47:39.657Z",
  "predictions": {
    "resourceUsage": {
      "1hour": 1844.7874897033835,
      "6hours": 1848.7249382203015,
      "24hours": 1862.899752881206
    },
    "performance": {
      "1hour": 0,
      "6hours": 0,
      "24hours": 0
    },
    "business": {
      "1hour": 91.06384829541064,
      "6hours": 92.40252058583532,
      "24hours": 97.22174083136422
    }
  }
}