{
  "timestamp": "2025-08-15T02:36:54.608Z",
  "predictions": {
    "resourceUsage": {
      "1hour": 1803.2260444803458,
      "6hours": 1809.356266882075,
      "24hours": 1831.4250675283
    },
    "performance": {
      "1hour": 2.4360173860203793,
      "6hours": 9.616104316122275,
      "24hours": 35.4644172644891
    },
    "business": {
      "1hour": 96.86986698520407,
      "6hours": 102.3556811521565,
      "24hours": 122.10461215318529
    }
  }
}