{
  "timestamp": "2025-08-15T02:22:39.656Z",
  "predictions": {
    "resourceUsage": {
      "1hour": 2083.203613710096,
      "6hours": 2084.2216822605737,
      "24hours": 2087.8867290422954
    },
    "performance": {
      "1hour": 2.656564010650065,
      "6hours": 10.939384063900393,
      "24hours": 40.75753625560157
    },
    "business": {
      "1hour": 93.23306584885576,
      "6hours": 95.43141054643752,
      "24hours": 103.34545145773187
    }
  }
}