{
  "timestamp": "2025-08-15T02:37:39.658Z",
  "predictions": {
    "resourceUsage": {
      "1hour": 2815.3408692833614,
      "6hours": 2822.045215700169,
      "24hours": 2846.180862800677
    },
    "performance": {
      "1hour": 6.956529519119069,
      "6hours": 11.739177114714415,
      "24hours": 28.956708458857662
    },
    "business": {
      "1hour": 100.16516788564698,
      "6hours": 102.31798733941325,
      "24hours": 110.06813737297185
    }
  }
}