{
  "timestamp": "2025-08-15T02:42:39.657Z",
  "predictions": {
    "resourceUsage": {
      "1hour": 1830.045117102621,
      "6hours": 1835.2707026157252,
      "24hours": 1854.0828104629009
    },
    "performance": {
      "1hour": 2.841283350915992,
      "6hours": 12.047700105495954,
      "24hours": 45.190800421983816
    },
    "business": {
      "1hour": 90.60492505706657,
      "6hours": 90.21439646451108,
      "24hours": 88.80849353131134
    }
  }
}