{
  "timestamp": "2025-08-15T02:26:54.608Z",
  "predictions": {
    "resourceUsage": {
      "1hour": 2068.927343583923,
      "6hours": 2073.5640615035377,
      "24hours": 2090.256246014151
    },
    "performance": {},
    "business": {
      "1hour": 92.22279641631388,
      "6hours": 89.422137044923,
      "24hours": 79.3397633079158
    }
  }
}