{
  "timestamp": "2025-08-15T02:46:54.610Z",
  "predictions": {
    "resourceUsage": {
      "1hour": 1850.2756060313593,
      "6hours": 1851.653636188156,
      "24hours": 1856.6145447526244
    },
    "performance": {
      "1hour": 0.5464382572550929,
      "6hours": 0,
      "24hours": 0
    },
    "business": {
      "1hour": 91.84050343746183,
      "6hours": 88.44170069281176,
      "24hours": 76.20601081207155
    }
  }
}