{
  "timestamp": "2025-08-15T02:36:54.522Z",
  "predictions": {
    "resourceUsage": {
      "1hour": 1797.564390397325,
      "6hours": 1800.386342383951,
      "24hours": 1810.5453695358033
    },
    "performance": {
      "1hour": 2.4197655821748967,
      "6hours": 9.51859349304938,
      "24hours": 35.07437397219752
    },
    "business": {
      "1hour": 98.03847928998218,
      "6hours": 100.70972098536896,
      "24hours": 110.32619108876139
    }
  }
}