{
  "timestamp": "2025-08-15T02:27:39.656Z",
  "predictions": {
    "resourceUsage": {
      "1hour": 2118.015109242324,
      "6hours": 2123.0906554539424,
      "24hours": 2141.362621815769
    },
    "performance": {
      "1hour": 0.2002862533320866,
      "6hours": 0,
      "24hours": 0
    },
    "business": {
      "1hour": 97.66874086490348,
      "6hours": 98.65991581579975,
      "24hours": 102.22814563902625
    }
  }
}