{
  "timestamp": "2025-08-15T02:46:54.522Z",
  "predictions": {
    "resourceUsage": {
      "1hour": 1850.017509423189,
      "6hours": 1855.1050565391336,
      "24hours": 1873.4202261565342
    },
    "performance": {
      "1hour": 1.582553175398306,
      "6hours": 4.495319052389836,
      "24hours": 14.981276209559343
    },
    "business": {
      "1hour": 91.26407731878962,
      "6hours": 101.3586645758065,
      "24hours": 137.6991787010673
    }
  }
}