{
  "timestamp": "2025-08-15T02:52:39.658Z",
  "predictions": {
    "resourceUsage": {
      "1hour": 1842.4352714620384,
      "6hours": 1844.6116287722307,
      "24hours": 1852.4465150889228
    },
    "performance": {
      "1hour": 1.8671062987392255,
      "6hours": 6.202637792435353,
      "24hours": 21.810551169741412
    },
    "business": {
      "1hour": 97.00943455462138,
      "6hours": 99.55653033549015,
      "24hours": 108.72607514661773
    }
  }
}