{
  "timestamp": "2025-08-15T02:26:54.522Z",
  "predictions": {
    "resourceUsage": {
      "1hour": 2062.131910826625,
      "6hours": 2057.791464959749,
      "24hours": 2042.1658598389959
    },
    "performance": {
      "1hour": 2.7904049712972165,
      "6hours": 6.7424298277833,
      "24hours": 20.9697193111332
    },
    "business": {
      "1hour": 86.65650911556963,
      "6hours": 83.09314022138058,
      "24hours": 70.26501220229997
    }
  }
}