{
  "timestamp": "2025-08-15T02:41:54.523Z",
  "predictions": {
    "resourceUsage": {
      "1hour": 1821.3107838757358,
      "6hours": 1822.8647032544147,
      "24hours": 1828.4588130176587
    },
    "performance": {
      "1hour": 1.7426462023308695,
      "6hours": 5.455877213985216,
      "24hours": 18.823508855940865
    },
    "business": {
      "1hour": 94.28494021321129,
      "6hours": 94.10723890612873,
      "24hours": 93.46751420063151
    }
  }
}