{
  "timestamp": "2025-08-15T02:51:54.522Z",
  "predictions": {
    "resourceUsage": {
      "1hour": 1844.38007659601,
      "6hours": 1841.28045957606,
      "24hours": 1830.12183830424
    },
    "performance": {
      "1hour": 0.39953097563786133,
      "6hours": 0,
      "24hours": 0
    },
    "business": {
      "1hour": 93.39784201451468,
      "6hours": 100.21922228049499,
      "24hours": 124.77619123802411
    }
  }
}