{
  "timestamp": "2025-08-15T02:51:54.610Z",
  "predictions": {
    "resourceUsage": {
      "1hour": 1856.2952633444231,
      "6hours": 1862.7715800665387,
      "24hours": 1886.086320266155
    },
    "performance": {
      "1hour": 1.8616717664384455,
      "6hours": 6.170030598630674,
      "24hours": 21.680122394522694
    },
    "business": {
      "1hour": 96.71823890834317,
      "6hours": 101.10437306882008,
      "24hours": 116.89445604653702
    }
  }
}