{
  "timestamp": "2025-08-15T02:36:54.609Z",
  "trends": {
    "system": {
      "memoryTrend": -0.04621707414193804,
      "cpuTrend": -0.15225292447192865,
      "diskTrend": 0.6330317006037512
    },
    "performance": {
      "responseTimeTrend": 1.7762234069081677,
      "throughputTrend": 1.0873632732220415,
      "errorRateTrend": 1.1672464517659809
    },
    "business": {
      "qualityTrend": -0.5204881526126722,
      "deploymentTrend": 1.3667517841344659,
      "opportunitiesTrend": 0.9034328529600052
    }
  }
}