{
  "timestamp": "2025-08-15T02:36:54.523Z",
  "trends": {
    "system": {
      "memoryTrend": -0.37912614558644986,
      "cpuTrend": 1.9378868134394946,
      "diskTrend": -0.06480023942564267
    },
    "performance": {
      "responseTimeTrend": 1.0724340967553228,
      "throughputTrend": 0.6392139953845755,
      "errorRateTrend": 0.743352069399196
    },
    "business": {
      "qualityTrend": 0.9795697791738338,
      "deploymentTrend": 0.6155992231529314,
      "opportunitiesTrend": 0.05165508202895053
    }
  }
}