{
  "timestamp": "2025-08-15T02:41:54.523Z",
  "trends": {
    "system": {
      "memoryTrend": -0.515455215266257,
      "cpuTrend": -1.7102811951517505,
      "diskTrend": -1.2821711728473146
    },
    "performance": {
      "responseTimeTrend": 1.9068190755473937,
      "throughputTrend": -0.12289799653387003,
      "errorRateTrend": 1.2461498421115338
    },
    "business": {
      "qualityTrend": -0.9821042823267255,
      "deploymentTrend": -0.2016228116014036,
      "opportunitiesTrend": 0.8405489651888375
    }
  }
}