2026-08-21 19:22:08,622 - __main__ - WARNING - CURSOR_API_KEY not set – GPT‑4 calls will fail
2026-08-21 19:22:10,422 - __main__ - INFO - Fetched 0 unread emails
2026-08-23 18:19:58,104 - __main__ - WARNING - CURSOR_API_KEY not set – GPT‑4 calls will fail
2026-08-23 18:20:00,094 - __main__ - INFO - Fetched 0 unread emails
2026-08-24 13:50:13,231 - __main__ - INFO - Fetched 0 unread emails
2026-08-24 18:40:28,827 - __main__ - WARNING - CURSOR_API_KEY not set – GPT‑4 calls will fail
2026-08-24 18:40:30,830 - __main__ - INFO - Fetched 0 unread emails
2026-08-24 19:59:17,760 - __main__ - WARNING - CURSOR_API_KEY not set – GPT‑4 calls will fail
2026-08-24 19:59:19,617 - __main__ - INFO - Fetched 0 unread emails
2026-08-25 01:17:48,912 - __main__ - WARNING - CURSOR_API_KEY not set – GPT‑4 calls will fail
2026-08-25 01:17:51,243 - __main__ - INFO - Fetched 0 unread emails
2026-08-25 01:43:50,817 - __main__ - WARNING - CURSOR_API_KEY not set – GPT‑4 calls will fail
2026-08-25 01:43:53,236 - __main__ - INFO - Fetched 0 unread emails
2026-08-25 01:51:19,360 - __main__ - WARNING - CURSOR_API_KEY not set – GPT‑4 calls will fail
2026-08-25 01:51:21,452 - __main__ - INFO - Fetched 0 unread emails
2026-08-25 01:53:08,144 - __main__ - WARNING - CURSOR_API_KEY not set – GPT‑4 calls will fail
2026-08-25 01:53:10,099 - __main__ - INFO - Fetched 0 unread emails
2026-08-25 02:00:05,460 - __main__ - WARNING - CURSOR_API_KEY not set – GPT‑4 calls will fail
2026-08-25 02:00:07,681 - __main__ - INFO - Fetched 0 unread emails
2026-08-25 02:03:36,730 - __main__ - WARNING - CURSOR_API_KEY not set – GPT‑4 calls will fail
2026-08-25 02:03:39,064 - __main__ - INFO - Fetched 0 unread emails
2026-08-25 02:10:43,179 - __main__ - WARNING - CURSOR_API_KEY not set – GPT‑4 calls will fail
2026-08-25 02:10:45,484 - __main__ - INFO - Fetched 0 unread emails
2026-08-25 02:15:24,019 - __main__ - WARNING - CURSOR_API_KEY not set – GPT‑4 calls will fail
2026-08-25 02:15:25,893 - __main__ - INFO - Fetched 0 unread emails
2026-08-25 02:23:14,436 - __main__ - WARNING - CURSOR_API_KEY not set – GPT‑4 calls will fail
2026-08-25 02:23:16,571 - __main__ - INFO - Fetched 0 unread emails
2026-08-25 02:25:07,175 - __main__ - WARNING - CURSOR_API_KEY not set – GPT‑4 calls will fail
2026-08-25 02:25:09,070 - __main__ - INFO - Fetched 0 unread emails
2026-08-25 02:25:39,815 - __main__ - WARNING - CURSOR_API_KEY not set – GPT‑4 calls will fail
2026-08-25 02:25:57,301 - __main__ - INFO - Fetched 20 unread emails
2026-08-25 02:25:57,302 - __main__ - ERROR - CURSOR_API_KEY missing – cannot analyse email
2026-08-25 02:25:57,302 - __main__ - INFO - Email from Wincher <no-reply@wincher.com> flagged for human review (priority=high)
2026-08-25 02:25:57,354 - __main__ - ERROR - CURSOR_API_KEY missing – cannot analyse email
2026-08-25 02:25:57,354 - __main__ - INFO - Email from "github-actions[bot]" <notifications@github.com> flagged for human review (priority=high)
2026-08-25 02:25:57,405 - __main__ - ERROR - CURSOR_API_KEY missing – cannot analyse email
2026-08-25 02:25:57,406 - __main__ - INFO - Email from kleber@ziontechgroup.com flagged for human review (priority=high)
2026-08-25 02:25:57,457 - __main__ - ERROR - CURSOR_API_KEY missing – cannot analyse email
2026-08-25 02:25:57,457 - __main__ - INFO - Email from Kleber Garcia Alcatrao <notifications@github.com> flagged for human review (priority=high)
2026-08-25 02:25:57,509 - __main__ - ERROR - CURSOR_API_KEY missing – cannot analyse email
2026-08-25 02:25:57,509 - __main__ - INFO - Email from Kleber Garcia Alcatrao <notifications@github.com> flagged for human review (priority=high)
2026-08-25 02:25:57,603 - __main__ - ERROR - CURSOR_API_KEY missing – cannot analyse email
2026-08-25 02:25:57,603 - __main__ - INFO - Email from Kleber Garcia Alcatrao <notifications@github.com> flagged for human review (priority=high)
2026-08-25 02:25:57,654 - __main__ - ERROR - CURSOR_API_KEY missing – cannot analyse email
2026-08-25 02:25:57,655 - __main__ - INFO - Email from Kleber Garcia Alcatrao <notifications@github.com> flagged for human review (priority=high)
2026-08-25 02:25:57,705 - __main__ - ERROR - CURSOR_API_KEY missing – cannot analyse email
2026-08-25 02:25:57,706 - __main__ - INFO - Email from "Kleber Garcia AlcatrÃƒÂ£o @ Zion Tech Group" <kleber@ziontechgroup.com> flagged for human review (priority=high)
2026-08-25 02:25:57,757 - __main__ - ERROR - CURSOR_API_KEY missing – cannot analyse email
2026-08-25 02:25:57,757 - __main__ - INFO - Email from "Dooray!" <noreply@dooray.com> flagged for human review (priority=high)
2026-08-25 02:25:57,808 - __main__ - ERROR - CURSOR_API_KEY missing – cannot analyse email
2026-08-25 02:25:57,808 - __main__ - INFO - Email from "Kleber Garcia AlcatrÃƒÂ£o @ Zion Tech Group" <kleber@ziontechgroup.com> flagged for human review (priority=high)
2026-08-25 02:25:57,860 - __main__ - ERROR - CURSOR_API_KEY missing – cannot analyse email
2026-08-25 02:25:57,860 - __main__ - INFO - Email from "Kleber Garcia AlcatrÃƒÂ£o @ Zion Tech Group" <kleber@ziontechgroup.com> flagged for human review (priority=high)
2026-08-25 02:25:57,910 - __main__ - ERROR - CURSOR_API_KEY missing – cannot analyse email
2026-08-25 02:25:57,911 - __main__ - INFO - Email from "Kleber Garcia AlcatrÃƒÂ£o @ Zion Tech Group" <kleber@ziontechgroup.com> flagged for human review (priority=high)
2026-08-25 02:25:57,965 - __main__ - ERROR - CURSOR_API_KEY missing – cannot analyse email
2026-08-25 02:25:57,966 - __main__ - INFO - Email from "Dooray!" <noreply@dooray.com> flagged for human review (priority=high)
2026-08-25 02:25:58,020 - __main__ - ERROR - CURSOR_API_KEY missing – cannot analyse email
2026-08-25 02:25:58,020 - __main__ - INFO - Email from "Dooray!" <noreply@dooray.com> flagged for human review (priority=high)
2026-08-25 02:25:58,075 - __main__ - ERROR - CURSOR_API_KEY missing – cannot analyse email
2026-08-25 02:25:58,075 - __main__ - INFO - Email from "Kleber Garcia AlcatrÃƒÂ£o @ Zion Tech Group" <kleber@ziontechgroup.com> flagged for human review (priority=high)
2026-08-25 02:25:58,126 - __main__ - ERROR - CURSOR_API_KEY missing – cannot analyse email
2026-08-25 02:25:58,126 - __main__ - INFO - Email from "Kleber Garcia AlcatrÃƒÂ£o @ Zion Tech Group" <kleber@ziontechgroup.com> flagged for human review (priority=high)
2026-08-25 02:25:58,177 - __main__ - ERROR - CURSOR_API_KEY missing – cannot analyse email
2026-08-25 02:25:58,178 - __main__ - INFO - Email from "github-actions[bot]" <notifications@github.com> flagged for human review (priority=high)
2026-08-25 02:25:58,228 - __main__ - ERROR - CURSOR_API_KEY missing – cannot analyse email
2026-08-25 02:25:58,228 - __main__ - INFO - Email from Kleber Garcia Alcatrao <notifications@github.com> flagged for human review (priority=high)
2026-08-25 02:25:58,278 - __main__ - ERROR - CURSOR_API_KEY missing – cannot analyse email
2026-08-25 02:25:58,279 - __main__ - INFO - Email from "Dooray!" <noreply@dooray.com> flagged for human review (priority=high)
2026-08-25 02:25:58,330 - __main__ - ERROR - CURSOR_API_KEY missing – cannot analyse email
2026-08-25 02:25:58,330 - __main__ - INFO - Email from Kleber Garcia Alcatrao <notifications@github.com> flagged for human review (priority=high)
2026-08-25 02:26:50,128 - __main__ - WARNING - CURSOR_API_KEY not set – GPT‑4 calls will fail
2026-08-25 02:27:06,857 - __main__ - INFO - Fetched 20 unread emails
2026-08-25 02:27:06,858 - __main__ - ERROR - CURSOR_API_KEY missing – cannot analyse email
2026-08-25 02:27:06,858 - __main__ - INFO - Email from Wincher <no-reply@wincher.com> flagged for human review (priority=high)
2026-08-25 02:27:06,908 - __main__ - ERROR - CURSOR_API_KEY missing – cannot analyse email
2026-08-25 02:27:06,909 - __main__ - INFO - Email from "github-actions[bot]" <notifications@github.com> flagged for human review (priority=high)
2026-08-25 02:27:06,959 - __main__ - ERROR - CURSOR_API_KEY missing – cannot analyse email
2026-08-25 02:27:06,959 - __main__ - INFO - Email from kleber@ziontechgroup.com flagged for human review (priority=high)
2026-08-25 02:27:07,010 - __main__ - ERROR - CURSOR_API_KEY missing – cannot analyse email
2026-08-25 02:27:07,010 - __main__ - INFO - Email from Kleber Garcia Alcatrao <notifications@github.com> flagged for human review (priority=high)
2026-08-25 02:27:07,063 - __main__ - ERROR - CURSOR_API_KEY missing – cannot analyse email
2026-08-25 02:27:07,063 - __main__ - INFO - Email from Kleber Garcia Alcatrao <notifications@github.com> flagged for human review (priority=high)
2026-08-25 02:27:07,114 - __main__ - ERROR - CURSOR_API_KEY missing – cannot analyse email
2026-08-25 02:27:07,115 - __main__ - INFO - Email from Kleber Garcia Alcatrao <notifications@github.com> flagged for human review (priority=high)
2026-08-25 02:27:07,206 - __main__ - ERROR - CURSOR_API_KEY missing – cannot analyse email
2026-08-25 02:27:07,206 - __main__ - INFO - Email from Kleber Garcia Alcatrao <notifications@github.com> flagged for human review (priority=high)
2026-08-25 02:27:07,257 - __main__ - ERROR - CURSOR_API_KEY missing – cannot analyse email
2026-08-25 02:27:07,257 - __main__ - INFO - Email from "Kleber Garcia AlcatrÃƒÂ£o @ Zion Tech Group" <kleber@ziontechgroup.com> flagged for human review (priority=high)
2026-08-25 02:27:07,307 - __main__ - ERROR - CURSOR_API_KEY missing – cannot analyse email
2026-08-25 02:27:07,307 - __main__ - INFO - Email from "Dooray!" <noreply@dooray.com> flagged for human review (priority=high)
2026-08-25 02:27:07,358 - __main__ - ERROR - CURSOR_API_KEY missing – cannot analyse email
2026-08-25 02:27:07,358 - __main__ - INFO - Email from "Kleber Garcia AlcatrÃƒÂ£o @ Zion Tech Group" <kleber@ziontechgroup.com> flagged for human review (priority=high)
2026-08-25 02:27:07,408 - __main__ - ERROR - CURSOR_API_KEY missing – cannot analyse email
2026-08-25 02:27:07,408 - __main__ - INFO - Email from "Kleber Garcia AlcatrÃƒÂ£o @ Zion Tech Group" <kleber@ziontechgroup.com> flagged for human review (priority=high)
2026-08-25 02:27:07,457 - __main__ - ERROR - CURSOR_API_KEY missing – cannot analyse email
2026-08-25 02:27:07,457 - __main__ - INFO - Email from "Kleber Garcia AlcatrÃƒÂ£o @ Zion Tech Group" <kleber@ziontechgroup.com> flagged for human review (priority=high)
2026-08-25 02:27:07,507 - __main__ - ERROR - CURSOR_API_KEY missing – cannot analyse email
2026-08-25 02:27:07,507 - __main__ - INFO - Email from "Dooray!" <noreply@dooray.com> flagged for human review (priority=high)
2026-08-25 02:27:07,558 - __main__ - ERROR - CURSOR_API_KEY missing – cannot analyse email
2026-08-25 02:27:07,558 - __main__ - INFO - Email from "Dooray!" <noreply@dooray.com> flagged for human review (priority=high)
2026-08-25 02:27:07,609 - __main__ - ERROR - CURSOR_API_KEY missing – cannot analyse email
2026-08-25 02:27:07,609 - __main__ - INFO - Email from "Kleber Garcia AlcatrÃƒÂ£o @ Zion Tech Group" <kleber@ziontechgroup.com> flagged for human review (priority=high)
2026-08-25 02:27:07,660 - __main__ - ERROR - CURSOR_API_KEY missing – cannot analyse email
2026-08-25 02:27:07,660 - __main__ - INFO - Email from "Kleber Garcia AlcatrÃƒÂ£o @ Zion Tech Group" <kleber@ziontechgroup.com> flagged for human review (priority=high)
2026-08-25 02:27:07,710 - __main__ - ERROR - CURSOR_API_KEY missing – cannot analyse email
2026-08-25 02:27:07,711 - __main__ - INFO - Email from "github-actions[bot]" <notifications@github.com> flagged for human review (priority=high)
2026-08-25 02:27:07,761 - __main__ - ERROR - CURSOR_API_KEY missing – cannot analyse email
2026-08-25 02:27:07,762 - __main__ - INFO - Email from Kleber Garcia Alcatrao <notifications@github.com> flagged for human review (priority=high)
2026-08-25 02:27:07,812 - __main__ - ERROR - CURSOR_API_KEY missing – cannot analyse email
2026-08-25 02:27:07,812 - __main__ - INFO - Email from "Dooray!" <noreply@dooray.com> flagged for human review (priority=high)
2026-08-25 02:27:07,864 - __main__ - ERROR - CURSOR_API_KEY missing – cannot analyse email
2026-08-25 02:27:07,865 - __main__ - INFO - Email from Kleber Garcia Alcatrao <notifications@github.com> flagged for human review (priority=high)
2026-08-25 02:36:36,986 - __main__ - WARNING - CURSOR_API_KEY not set – GPT‑4 calls will fail
2026-08-25 02:36:54,349 - __main__ - INFO - Fetched 20 unread emails
2026-08-25 02:36:54,350 - __main__ - ERROR - CURSOR_API_KEY missing – cannot analyse email
2026-08-25 02:36:54,350 - __main__ - INFO - Email from "Kleber Garcia AlcatrÃƒÂ£o @ Zion Tech Group" <kleber@ziontechgroup.com> flagged for human review (priority=high)
2026-08-25 02:36:54,401 - __main__ - ERROR - CURSOR_API_KEY missing – cannot analyse email
2026-08-25 02:36:54,401 - __main__ - INFO - Email from "Dooray!" <noreply@dooray.com> flagged for human review (priority=high)
2026-08-25 02:36:54,452 - __main__ - ERROR - CURSOR_API_KEY missing – cannot analyse email
2026-08-25 02:36:54,452 - __main__ - INFO - Email from "Kleber Garcia AlcatrÃƒÂ£o @ Zion Tech Group" <kleber@ziontechgroup.com> flagged for human review (priority=high)
2026-08-25 02:36:54,504 - __main__ - ERROR - CURSOR_API_KEY missing – cannot analyse email
2026-08-25 02:36:54,505 - __main__ - INFO - Email from "github-actions[bot]" <notifications@github.com> flagged for human review (priority=high)
2026-08-25 02:36:54,555 - __main__ - ERROR - CURSOR_API_KEY missing – cannot analyse email
2026-08-25 02:36:54,556 - __main__ - INFO - Email from Wincher <no-reply@wincher.com> flagged for human review (priority=high)
2026-08-25 02:36:54,608 - __main__ - ERROR - CURSOR_API_KEY missing – cannot analyse email
2026-08-25 02:36:54,608 - __main__ - INFO - Email from "github-actions[bot]" <notifications@github.com> flagged for human review (priority=high)
2026-08-25 02:36:54,659 - __main__ - ERROR - CURSOR_API_KEY missing – cannot analyse email
2026-08-25 02:36:54,659 - __main__ - INFO - Email from kleber@ziontechgroup.com flagged for human review (priority=high)
2026-08-25 02:36:54,712 - __main__ - ERROR - CURSOR_API_KEY missing – cannot analyse email
2026-08-25 02:36:54,712 - __main__ - INFO - Email from Kleber Garcia Alcatrao <notifications@github.com> flagged for human review (priority=high)
2026-08-25 02:36:54,763 - __main__ - ERROR - CURSOR_API_KEY missing – cannot analyse email
2026-08-25 02:36:54,763 - __main__ - INFO - Email from Kleber Garcia Alcatrao <notifications@github.com> flagged for human review (priority=high)
2026-08-25 02:36:54,814 - __main__ - ERROR - CURSOR_API_KEY missing – cannot analyse email
2026-08-25 02:36:54,815 - __main__ - INFO - Email from Kleber Garcia Alcatrao <notifications@github.com> flagged for human review (priority=high)
2026-08-25 02:36:54,905 - __main__ - ERROR - CURSOR_API_KEY missing – cannot analyse email
2026-08-25 02:36:54,906 - __main__ - INFO - Email from Kleber Garcia Alcatrao <notifications@github.com> flagged for human review (priority=high)
2026-08-25 02:36:54,956 - __main__ - ERROR - CURSOR_API_KEY missing – cannot analyse email
2026-08-25 02:36:54,956 - __main__ - INFO - Email from "Kleber Garcia AlcatrÃƒÂ£o @ Zion Tech Group" <kleber@ziontechgroup.com> flagged for human review (priority=high)
2026-08-25 02:36:55,006 - __main__ - ERROR - CURSOR_API_KEY missing – cannot analyse email
2026-08-25 02:36:55,007 - __main__ - INFO - Email from "Dooray!" <noreply@dooray.com> flagged for human review (priority=high)
2026-08-25 02:36:55,098 - __main__ - ERROR - CURSOR_API_KEY missing – cannot analyse email
2026-08-25 02:36:55,098 - __main__ - INFO - Email from "Kleber Garcia AlcatrÃƒÂ£o @ Zion Tech Group" <kleber@ziontechgroup.com> flagged for human review (priority=high)
2026-08-25 02:36:55,150 - __main__ - ERROR - CURSOR_API_KEY missing – cannot analyse email
2026-08-25 02:36:55,150 - __main__ - INFO - Email from "Kleber Garcia AlcatrÃƒÂ£o @ Zion Tech Group" <kleber@ziontechgroup.com> flagged for human review (priority=high)
2026-08-25 02:36:55,201 - __main__ - ERROR - CURSOR_API_KEY missing – cannot analyse email
2026-08-25 02:36:55,201 - __main__ - INFO - Email from "Kleber Garcia AlcatrÃƒÂ£o @ Zion Tech Group" <kleber@ziontechgroup.com> flagged for human review (priority=high)
2026-08-25 02:36:55,250 - __main__ - ERROR - CURSOR_API_KEY missing – cannot analyse email
2026-08-25 02:36:55,251 - __main__ - INFO - Email from "Dooray!" <noreply@dooray.com> flagged for human review (priority=high)
2026-08-25 02:36:55,342 - __main__ - ERROR - CURSOR_API_KEY missing – cannot analyse email
2026-08-25 02:36:55,343 - __main__ - INFO - Email from "Dooray!" <noreply@dooray.com> flagged for human review (priority=high)
2026-08-25 02:36:55,395 - __main__ - ERROR - CURSOR_API_KEY missing – cannot analyse email
2026-08-25 02:36:55,395 - __main__ - INFO - Email from "Kleber Garcia AlcatrÃƒÂ£o @ Zion Tech Group" <kleber@ziontechgroup.com> flagged for human review (priority=high)
2026-08-25 02:36:55,445 - __main__ - ERROR - CURSOR_API_KEY missing – cannot analyse email
2026-08-25 02:36:55,446 - __main__ - INFO - Email from "Kleber Garcia AlcatrÃƒÂ£o @ Zion Tech Group" <kleber@ziontechgroup.com> flagged for human review (priority=high)
2026-08-25 02:43:35,174 - __main__ - WARNING - CURSOR_API_KEY not set – GPT‑4 calls will fail
2026-08-25 02:43:54,248 - __main__ - INFO - Fetched 20 unread emails
2026-08-25 02:43:54,249 - __main__ - ERROR - CURSOR_API_KEY missing – cannot analyse email
2026-08-25 02:43:54,249 - __main__ - INFO - Email from "Kleber Garcia AlcatrÃƒÂ£o @ Zion Tech Group" <kleber@ziontechgroup.com> flagged for human review (priority=high)
2026-08-25 02:43:54,298 - __main__ - ERROR - CURSOR_API_KEY missing – cannot analyse email
2026-08-25 02:43:54,299 - __main__ - INFO - Email from "Dooray!" <noreply@dooray.com> flagged for human review (priority=high)
2026-08-25 02:43:54,349 - __main__ - ERROR - CURSOR_API_KEY missing – cannot analyse email
2026-08-25 02:43:54,350 - __main__ - INFO - Email from "Kleber Garcia AlcatrÃƒÂ£o @ Zion Tech Group" <kleber@ziontechgroup.com> flagged for human review (priority=high)
2026-08-25 02:43:54,401 - __main__ - ERROR - CURSOR_API_KEY missing – cannot analyse email
2026-08-25 02:43:54,401 - __main__ - INFO - Email from "Dooray!" <noreply@dooray.com> flagged for human review (priority=high)
2026-08-25 02:43:54,452 - __main__ - ERROR - CURSOR_API_KEY missing – cannot analyse email
2026-08-25 02:43:54,452 - __main__ - INFO - Email from "Kleber Garcia AlcatrÃƒÂ£o @ Zion Tech Group" <kleber@ziontechgroup.com> flagged for human review (priority=high)
2026-08-25 02:43:54,504 - __main__ - ERROR - CURSOR_API_KEY missing – cannot analyse email
2026-08-25 02:43:54,504 - __main__ - INFO - Email from "Kleber Garcia AlcatrÃƒÂ£o @ Zion Tech Group" <kleber@ziontechgroup.com> flagged for human review (priority=high)
2026-08-25 02:43:54,556 - __main__ - ERROR - CURSOR_API_KEY missing – cannot analyse email
2026-08-25 02:43:54,556 - __main__ - INFO - Email from "Kleber Garcia AlcatrÃƒÂ£o @ Zion Tech Group" <kleber@ziontechgroup.com> flagged for human review (priority=high)
2026-08-25 02:43:54,607 - __main__ - ERROR - CURSOR_API_KEY missing – cannot analyse email
2026-08-25 02:43:54,607 - __main__ - INFO - Email from "Dooray!" <noreply@dooray.com> flagged for human review (priority=high)
2026-08-25 02:43:54,657 - __main__ - ERROR - CURSOR_API_KEY missing – cannot analyse email
2026-08-25 02:43:54,657 - __main__ - INFO - Email from "Kleber Garcia AlcatrÃƒÂ£o @ Zion Tech Group" <kleber@ziontechgroup.com> flagged for human review (priority=high)
2026-08-25 02:43:54,708 - __main__ - ERROR - CURSOR_API_KEY missing – cannot analyse email
2026-08-25 02:43:54,709 - __main__ - INFO - Email from "github-actions[bot]" <notifications@github.com> flagged for human review (priority=high)
2026-08-25 02:43:54,759 - __main__ - ERROR - CURSOR_API_KEY missing – cannot analyse email
2026-08-25 02:43:54,759 - __main__ - INFO - Email from Wincher <no-reply@wincher.com> flagged for human review (priority=high)
2026-08-25 02:43:54,810 - __main__ - ERROR - CURSOR_API_KEY missing – cannot analyse email
2026-08-25 02:43:54,810 - __main__ - INFO - Email from "github-actions[bot]" <notifications@github.com> flagged for human review (priority=high)
2026-08-25 02:43:54,861 - __main__ - ERROR - CURSOR_API_KEY missing – cannot analyse email
2026-08-25 02:43:54,861 - __main__ - INFO - Email from kleber@ziontechgroup.com flagged for human review (priority=high)
2026-08-25 02:43:54,913 - __main__ - ERROR - CURSOR_API_KEY missing – cannot analyse email
2026-08-25 02:43:54,914 - __main__ - INFO - Email from Kleber Garcia Alcatrao <notifications@github.com> flagged for human review (priority=high)
2026-08-25 02:43:54,965 - __main__ - ERROR - CURSOR_API_KEY missing – cannot analyse email
2026-08-25 02:43:54,966 - __main__ - INFO - Email from Kleber Garcia Alcatrao <notifications@github.com> flagged for human review (priority=high)
2026-08-25 02:43:55,016 - __main__ - ERROR - CURSOR_API_KEY missing – cannot analyse email
2026-08-25 02:43:55,016 - __main__ - INFO - Email from Kleber Garcia Alcatrao <notifications@github.com> flagged for human review (priority=high)
2026-08-25 02:43:55,067 - __main__ - ERROR - CURSOR_API_KEY missing – cannot analyse email
2026-08-25 02:43:55,067 - __main__ - INFO - Email from Kleber Garcia Alcatrao <notifications@github.com> flagged for human review (priority=high)
2026-08-25 02:43:55,118 - __main__ - ERROR - CURSOR_API_KEY missing – cannot analyse email
2026-08-25 02:43:55,118 - __main__ - INFO - Email from "Kleber Garcia AlcatrÃƒÂ£o @ Zion Tech Group" <kleber@ziontechgroup.com> flagged for human review (priority=high)
2026-08-25 02:43:55,168 - __main__ - ERROR - CURSOR_API_KEY missing – cannot analyse email
2026-08-25 02:43:55,168 - __main__ - INFO - Email from "Dooray!" <noreply@dooray.com> flagged for human review (priority=high)
2026-08-25 02:43:55,218 - __main__ - ERROR - CURSOR_API_KEY missing – cannot analyse email
2026-08-25 02:43:55,218 - __main__ - INFO - Email from "Kleber Garcia AlcatrÃƒÂ£o @ Zion Tech Group" <kleber@ziontechgroup.com> flagged for human review (priority=high)
2026-08-25 02:52:33,374 - __main__ - WARNING - CURSOR_API_KEY not set – GPT‑4 calls will fail
2026-08-25 02:52:49,547 - __main__ - INFO - Fetched 20 unread emails
2026-08-25 02:52:49,548 - __main__ - ERROR - CURSOR_API_KEY missing – cannot analyse email
2026-08-25 02:52:49,548 - __main__ - INFO - Email from Kleber Garcia Alcatrao <notifications@github.com> flagged for human review (priority=high)
2026-08-25 02:52:49,600 - __main__ - ERROR - CURSOR_API_KEY missing – cannot analyse email
2026-08-25 02:52:49,600 - __main__ - INFO - Email from "Kleber Garcia AlcatrÃƒÂ£o @ Zion Tech Group" <kleber@ziontechgroup.com> flagged for human review (priority=high)
2026-08-25 02:52:49,651 - __main__ - ERROR - CURSOR_API_KEY missing – cannot analyse email
2026-08-25 02:52:49,652 - __main__ - INFO - Email from "Dooray!" <noreply@dooray.com> flagged for human review (priority=high)
2026-08-25 02:52:49,703 - __main__ - ERROR - CURSOR_API_KEY missing – cannot analyse email
2026-08-25 02:52:49,703 - __main__ - INFO - Email from "Kleber Garcia AlcatrÃƒÂ£o @ Zion Tech Group" <kleber@ziontechgroup.com> flagged for human review (priority=high)
2026-08-25 02:52:49,784 - __main__ - ERROR - CURSOR_API_KEY missing – cannot analyse email
2026-08-25 02:52:49,784 - __main__ - INFO - Email from "Kleber Garcia AlcatrÃƒÂ£o @ Zion Tech Group" <kleber@ziontechgroup.com> flagged for human review (priority=high)
2026-08-25 02:52:49,835 - __main__ - ERROR - CURSOR_API_KEY missing – cannot analyse email
2026-08-25 02:52:49,835 - __main__ - INFO - Email from "Kleber Garcia AlcatrÃƒÂ£o @ Zion Tech Group" <kleber@ziontechgroup.com> flagged for human review (priority=high)
2026-08-25 02:52:49,887 - __main__ - ERROR - CURSOR_API_KEY missing – cannot analyse email
2026-08-25 02:52:49,887 - __main__ - INFO - Email from "Dooray!" <noreply@dooray.com> flagged for human review (priority=high)
2026-08-25 02:52:49,976 - __main__ - ERROR - CURSOR_API_KEY missing – cannot analyse email
2026-08-25 02:52:49,976 - __main__ - INFO - Email from "Kleber Garcia AlcatrÃƒÂ£o @ Zion Tech Group" <kleber@ziontechgroup.com> flagged for human review (priority=high)
2026-08-25 02:52:50,027 - __main__ - ERROR - CURSOR_API_KEY missing – cannot analyse email
2026-08-25 02:52:50,028 - __main__ - INFO - Email from "Dooray!" <noreply@dooray.com> flagged for human review (priority=high)
2026-08-25 02:52:50,078 - __main__ - ERROR - CURSOR_API_KEY missing – cannot analyse email
2026-08-25 02:52:50,078 - __main__ - INFO - Email from "Kleber Garcia AlcatrÃƒÂ£o @ Zion Tech Group" <kleber@ziontechgroup.com> flagged for human review (priority=high)
2026-08-25 02:52:50,130 - __main__ - ERROR - CURSOR_API_KEY missing – cannot analyse email
2026-08-25 02:52:50,130 - __main__ - INFO - Email from "Kleber Garcia AlcatrÃƒÂ£o @ Zion Tech Group" <kleber@ziontechgroup.com> flagged for human review (priority=high)
2026-08-25 02:52:50,182 - __main__ - ERROR - CURSOR_API_KEY missing – cannot analyse email
2026-08-25 02:52:50,182 - __main__ - INFO - Email from "Kleber Garcia AlcatrÃƒÂ£o @ Zion Tech Group" <kleber@ziontechgroup.com> flagged for human review (priority=high)
2026-08-25 02:52:50,238 - __main__ - ERROR - CURSOR_API_KEY missing – cannot analyse email
2026-08-25 02:52:50,239 - __main__ - INFO - Email from "Dooray!" <noreply@dooray.com> flagged for human review (priority=high)
2026-08-25 02:52:50,292 - __main__ - ERROR - CURSOR_API_KEY missing – cannot analyse email
2026-08-25 02:52:50,293 - __main__ - INFO - Email from "Kleber Garcia AlcatrÃƒÂ£o @ Zion Tech Group" <kleber@ziontechgroup.com> flagged for human review (priority=high)
2026-08-25 02:52:50,344 - __main__ - ERROR - CURSOR_API_KEY missing – cannot analyse email
2026-08-25 02:52:50,344 - __main__ - INFO - Email from "github-actions[bot]" <notifications@github.com> flagged for human review (priority=high)
2026-08-25 02:52:50,397 - __main__ - ERROR - CURSOR_API_KEY missing – cannot analyse email
2026-08-25 02:52:50,398 - __main__ - INFO - Email from Wincher <no-reply@wincher.com> flagged for human review (priority=high)
2026-08-25 02:52:50,448 - __main__ - ERROR - CURSOR_API_KEY missing – cannot analyse email
2026-08-25 02:52:50,449 - __main__ - INFO - Email from "github-actions[bot]" <notifications@github.com> flagged for human review (priority=high)
2026-08-25 02:52:50,500 - __main__ - ERROR - CURSOR_API_KEY missing – cannot analyse email
2026-08-25 02:52:50,500 - __main__ - INFO - Email from kleber@ziontechgroup.com flagged for human review (priority=high)
2026-08-25 02:52:50,551 - __main__ - ERROR - CURSOR_API_KEY missing – cannot analyse email
2026-08-25 02:52:50,552 - __main__ - INFO - Email from Kleber Garcia Alcatrao <notifications@github.com> flagged for human review (priority=high)
2026-08-25 02:52:50,606 - __main__ - ERROR - CURSOR_API_KEY missing – cannot analyse email
2026-08-25 02:52:50,607 - __main__ - INFO - Email from Kleber Garcia Alcatrao <notifications@github.com> flagged for human review (priority=high)
2026-08-25 02:58:45,459 - __main__ - WARNING - CURSOR_API_KEY not set – GPT‑4 calls will fail
2026-08-25 02:59:04,462 - __main__ - INFO - Fetched 20 unread emails
2026-08-25 02:59:04,462 - __main__ - ERROR - CURSOR_API_KEY missing – cannot analyse email
2026-08-25 02:59:04,462 - __main__ - INFO - Email from "github-actions[bot]" <notifications@github.com> flagged for human review (priority=high)
2026-08-25 02:59:04,515 - __main__ - ERROR - CURSOR_API_KEY missing – cannot analyse email
2026-08-25 02:59:04,515 - __main__ - INFO - Email from "Kleber Garcia AlcatrÃƒÂ£o @ Zion Tech Group" <kleber@ziontechgroup.com> flagged for human review (priority=high)
2026-08-25 02:59:04,568 - __main__ - ERROR - CURSOR_API_KEY missing – cannot analyse email
2026-08-25 02:59:04,569 - __main__ - INFO - Email from Kleber Garcia Alcatrao <notifications@github.com> flagged for human review (priority=high)
2026-08-25 02:59:04,620 - __main__ - ERROR - CURSOR_API_KEY missing – cannot analyse email
2026-08-25 02:59:04,621 - __main__ - INFO - Email from "Dooray!" <noreply@dooray.com> flagged for human review (priority=high)
2026-08-25 02:59:04,673 - __main__ - ERROR - CURSOR_API_KEY missing – cannot analyse email
2026-08-25 02:59:04,674 - __main__ - INFO - Email from "Kleber Garcia AlcatrÃƒÂ£o @ Zion Tech Group" <kleber@ziontechgroup.com> flagged for human review (priority=high)
2026-08-25 02:59:04,726 - __main__ - ERROR - CURSOR_API_KEY missing – cannot analyse email
2026-08-25 02:59:04,727 - __main__ - INFO - Email from "Kleber Garcia AlcatrÃƒÂ£o @ Zion Tech Group" <kleber@ziontechgroup.com> flagged for human review (priority=high)
2026-08-25 02:59:04,778 - __main__ - ERROR - CURSOR_API_KEY missing – cannot analyse email
2026-08-25 02:59:04,778 - __main__ - INFO - Email from Kleber Garcia Alcatrao <notifications@github.com> flagged for human review (priority=high)
2026-08-25 02:59:04,830 - __main__ - ERROR - CURSOR_API_KEY missing – cannot analyse email
2026-08-25 02:59:04,830 - __main__ - INFO - Email from "Kleber Garcia AlcatrÃƒÂ£o @ Zion Tech Group" <kleber@ziontechgroup.com> flagged for human review (priority=high)
2026-08-25 02:59:04,884 - __main__ - ERROR - CURSOR_API_KEY missing – cannot analyse email
2026-08-25 02:59:04,884 - __main__ - INFO - Email from "Dooray!" <noreply@dooray.com> flagged for human review (priority=high)
2026-08-25 02:59:04,936 - __main__ - ERROR - CURSOR_API_KEY missing – cannot analyse email
2026-08-25 02:59:04,936 - __main__ - INFO - Email from "Kleber Garcia AlcatrÃƒÂ£o @ Zion Tech Group" <kleber@ziontechgroup.com> flagged for human review (priority=high)
2026-08-25 02:59:04,988 - __main__ - ERROR - CURSOR_API_KEY missing – cannot analyse email
2026-08-25 02:59:04,988 - __main__ - INFO - Email from "Kleber Garcia AlcatrÃƒÂ£o @ Zion Tech Group" <kleber@ziontechgroup.com> flagged for human review (priority=high)
2026-08-25 02:59:05,040 - __main__ - ERROR - CURSOR_API_KEY missing – cannot analyse email
2026-08-25 02:59:05,040 - __main__ - INFO - Email from "Kleber Garcia AlcatrÃƒÂ£o @ Zion Tech Group" <kleber@ziontechgroup.com> flagged for human review (priority=high)
2026-08-25 02:59:05,093 - __main__ - ERROR - CURSOR_API_KEY missing – cannot analyse email
2026-08-25 02:59:05,093 - __main__ - INFO - Email from "Dooray!" <noreply@dooray.com> flagged for human review (priority=high)
2026-08-25 02:59:05,144 - __main__ - ERROR - CURSOR_API_KEY missing – cannot analyse email
2026-08-25 02:59:05,144 - __main__ - INFO - Email from "Kleber Garcia AlcatrÃƒÂ£o @ Zion Tech Group" <kleber@ziontechgroup.com> flagged for human review (priority=high)
2026-08-25 02:59:05,195 - __main__ - ERROR - CURSOR_API_KEY missing – cannot analyse email
2026-08-25 02:59:05,196 - __main__ - INFO - Email from "Dooray!" <noreply@dooray.com> flagged for human review (priority=high)
2026-08-25 02:59:05,290 - __main__ - ERROR - CURSOR_API_KEY missing – cannot analyse email
2026-08-25 02:59:05,290 - __main__ - INFO - Email from "Kleber Garcia AlcatrÃƒÂ£o @ Zion Tech Group" <kleber@ziontechgroup.com> flagged for human review (priority=high)
2026-08-25 02:59:05,342 - __main__ - ERROR - CURSOR_API_KEY missing – cannot analyse email
2026-08-25 02:59:05,342 - __main__ - INFO - Email from "Kleber Garcia AlcatrÃƒÂ£o @ Zion Tech Group" <kleber@ziontechgroup.com> flagged for human review (priority=high)
2026-08-25 02:59:05,394 - __main__ - ERROR - CURSOR_API_KEY missing – cannot analyse email
2026-08-25 02:59:05,394 - __main__ - INFO - Email from "Kleber Garcia AlcatrÃƒÂ£o @ Zion Tech Group" <kleber@ziontechgroup.com> flagged for human review (priority=high)
2026-08-25 02:59:05,451 - __main__ - ERROR - CURSOR_API_KEY missing – cannot analyse email
2026-08-25 02:59:05,451 - __main__ - INFO - Email from "Dooray!" <noreply@dooray.com> flagged for human review (priority=high)
2026-08-25 02:59:05,504 - __main__ - ERROR - CURSOR_API_KEY missing – cannot analyse email
2026-08-25 02:59:05,504 - __main__ - INFO - Email from "Kleber Garcia AlcatrÃƒÂ£o @ Zion Tech Group" <kleber@ziontechgroup.com> flagged for human review (priority=high)
2026-08-25 03:08:40,044 - __main__ - WARNING - CURSOR_API_KEY not set – GPT‑4 calls will fail
2026-08-25 03:08:56,710 - __main__ - INFO - Fetched 20 unread emails
2026-08-25 03:08:56,710 - __main__ - ERROR - CURSOR_API_KEY missing – cannot analyse email
2026-08-25 03:08:56,711 - __main__ - INFO - Email from EA SPORTS FC <EA@e.ea.com> flagged for human review (priority=high)
2026-08-25 03:08:56,763 - __main__ - ERROR - CURSOR_API_KEY missing – cannot analyse email
2026-08-25 03:08:56,763 - __main__ - INFO - Email from "github-actions[bot]" <notifications@github.com> flagged for human review (priority=high)
2026-08-25 03:08:56,815 - __main__ - ERROR - CURSOR_API_KEY missing – cannot analyse email
2026-08-25 03:08:56,815 - __main__ - INFO - Email from "Kleber Garcia AlcatrÃƒÂ£o @ Zion Tech Group" <kleber@ziontechgroup.com> flagged for human review (priority=high)
2026-08-25 03:08:56,865 - __main__ - ERROR - CURSOR_API_KEY missing – cannot analyse email
2026-08-25 03:08:56,866 - __main__ - INFO - Email from Kleber Garcia Alcatrao <notifications@github.com> flagged for human review (priority=high)
2026-08-25 03:08:56,916 - __main__ - ERROR - CURSOR_API_KEY missing – cannot analyse email
2026-08-25 03:08:56,917 - __main__ - INFO - Email from "Dooray!" <noreply@dooray.com> flagged for human review (priority=high)
2026-08-25 03:08:56,967 - __main__ - ERROR - CURSOR_API_KEY missing – cannot analyse email
2026-08-25 03:08:56,967 - __main__ - INFO - Email from "Kleber Garcia AlcatrÃƒÂ£o @ Zion Tech Group" <kleber@ziontechgroup.com> flagged for human review (priority=high)
2026-08-25 03:08:57,017 - __main__ - ERROR - CURSOR_API_KEY missing – cannot analyse email
2026-08-25 03:08:57,018 - __main__ - INFO - Email from "Kleber Garcia AlcatrÃƒÂ£o @ Zion Tech Group" <kleber@ziontechgroup.com> flagged for human review (priority=high)
2026-08-25 03:08:57,067 - __main__ - ERROR - CURSOR_API_KEY missing – cannot analyse email
2026-08-25 03:08:57,067 - __main__ - INFO - Email from Kleber Garcia Alcatrao <notifications@github.com> flagged for human review (priority=high)
2026-08-25 03:08:57,117 - __main__ - ERROR - CURSOR_API_KEY missing – cannot analyse email
2026-08-25 03:08:57,117 - __main__ - INFO - Email from "Kleber Garcia AlcatrÃƒÂ£o @ Zion Tech Group" <kleber@ziontechgroup.com> flagged for human review (priority=high)
2026-08-25 03:08:57,170 - __main__ - ERROR - CURSOR_API_KEY missing – cannot analyse email
2026-08-25 03:08:57,170 - __main__ - INFO - Email from "Dooray!" <noreply@dooray.com> flagged for human review (priority=high)
2026-08-25 03:08:57,222 - __main__ - ERROR - CURSOR_API_KEY missing – cannot analyse email
2026-08-25 03:08:57,222 - __main__ - INFO - Email from "Kleber Garcia AlcatrÃƒÂ£o @ Zion Tech Group" <kleber@ziontechgroup.com> flagged for human review (priority=high)
2026-08-25 03:08:57,274 - __main__ - ERROR - CURSOR_API_KEY missing – cannot analyse email
2026-08-25 03:08:57,275 - __main__ - INFO - Email from "Kleber Garcia AlcatrÃƒÂ£o @ Zion Tech Group" <kleber@ziontechgroup.com> flagged for human review (priority=high)
2026-08-25 03:08:57,325 - __main__ - ERROR - CURSOR_API_KEY missing – cannot analyse email
2026-08-25 03:08:57,325 - __main__ - INFO - Email from "Kleber Garcia AlcatrÃƒÂ£o @ Zion Tech Group" <kleber@ziontechgroup.com> flagged for human review (priority=high)
2026-08-25 03:08:57,376 - __main__ - ERROR - CURSOR_API_KEY missing – cannot analyse email
2026-08-25 03:08:57,376 - __main__ - INFO - Email from "Dooray!" <noreply@dooray.com> flagged for human review (priority=high)
2026-08-25 03:08:57,427 - __main__ - ERROR - CURSOR_API_KEY missing – cannot analyse email
2026-08-25 03:08:57,428 - __main__ - INFO - Email from "Kleber Garcia AlcatrÃƒÂ£o @ Zion Tech Group" <kleber@ziontechgroup.com> flagged for human review (priority=high)
2026-08-25 03:08:57,478 - __main__ - ERROR - CURSOR_API_KEY missing – cannot analyse email
2026-08-25 03:08:57,478 - __main__ - INFO - Email from "Dooray!" <noreply@dooray.com> flagged for human review (priority=high)
2026-08-25 03:08:57,528 - __main__ - ERROR - CURSOR_API_KEY missing – cannot analyse email
2026-08-25 03:08:57,529 - __main__ - INFO - Email from "Kleber Garcia AlcatrÃƒÂ£o @ Zion Tech Group" <kleber@ziontechgroup.com> flagged for human review (priority=high)
2026-08-25 03:08:57,579 - __main__ - ERROR - CURSOR_API_KEY missing – cannot analyse email
2026-08-25 03:08:57,580 - __main__ - INFO - Email from "Kleber Garcia AlcatrÃƒÂ£o @ Zion Tech Group" <kleber@ziontechgroup.com> flagged for human review (priority=high)
2026-08-25 03:08:57,630 - __main__ - ERROR - CURSOR_API_KEY missing – cannot analyse email
2026-08-25 03:08:57,631 - __main__ - INFO - Email from "Kleber Garcia AlcatrÃƒÂ£o @ Zion Tech Group" <kleber@ziontechgroup.com> flagged for human review (priority=high)
2026-08-25 03:08:57,681 - __main__ - ERROR - CURSOR_API_KEY missing – cannot analyse email
2026-08-25 03:08:57,681 - __main__ - INFO - Email from "Dooray!" <noreply@dooray.com> flagged for human review (priority=high)
2026-08-25 03:13:23,492 - __main__ - WARNING - CURSOR_API_KEY not set – GPT‑4 calls will fail
2026-08-25 03:13:41,596 - __main__ - INFO - Fetched 20 unread emails
2026-08-25 03:13:41,597 - __main__ - ERROR - CURSOR_API_KEY missing – cannot analyse email
2026-08-25 03:13:41,597 - __main__ - INFO - Email from GitHub <noreply@github.com> flagged for human review (priority=high)
2026-08-25 03:13:41,649 - __main__ - ERROR - CURSOR_API_KEY missing – cannot analyse email
2026-08-25 03:13:41,649 - __main__ - INFO - Email from EA SPORTS FC <EA@e.ea.com> flagged for human review (priority=high)
2026-08-25 03:13:41,702 - __main__ - ERROR - CURSOR_API_KEY missing – cannot analyse email
2026-08-25 03:13:41,702 - __main__ - INFO - Email from "github-actions[bot]" <notifications@github.com> flagged for human review (priority=high)
2026-08-25 03:13:41,753 - __main__ - ERROR - CURSOR_API_KEY missing – cannot analyse email
2026-08-25 03:13:41,753 - __main__ - INFO - Email from "Kleber Garcia AlcatrÃƒÂ£o @ Zion Tech Group" <kleber@ziontechgroup.com> flagged for human review (priority=high)
2026-08-25 03:13:41,804 - __main__ - ERROR - CURSOR_API_KEY missing – cannot analyse email
2026-08-25 03:13:41,804 - __main__ - INFO - Email from Kleber Garcia Alcatrao <notifications@github.com> flagged for human review (priority=high)
2026-08-25 03:13:41,856 - __main__ - ERROR - CURSOR_API_KEY missing – cannot analyse email
2026-08-25 03:13:41,857 - __main__ - INFO - Email from "Dooray!" <noreply@dooray.com> flagged for human review (priority=high)
2026-08-25 03:13:41,907 - __main__ - ERROR - CURSOR_API_KEY missing – cannot analyse email
2026-08-25 03:13:41,907 - __main__ - INFO - Email from "Kleber Garcia AlcatrÃƒÂ£o @ Zion Tech Group" <kleber@ziontechgroup.com> flagged for human review (priority=high)
2026-08-25 03:13:41,957 - __main__ - ERROR - CURSOR_API_KEY missing – cannot analyse email
2026-08-25 03:13:41,958 - __main__ - INFO - Email from "Kleber Garcia AlcatrÃƒÂ£o @ Zion Tech Group" <kleber@ziontechgroup.com> flagged for human review (priority=high)
2026-08-25 03:13:42,007 - __main__ - ERROR - CURSOR_API_KEY missing – cannot analyse email
2026-08-25 03:13:42,008 - __main__ - INFO - Email from Kleber Garcia Alcatrao <notifications@github.com> flagged for human review (priority=high)
2026-08-25 03:13:42,058 - __main__ - ERROR - CURSOR_API_KEY missing – cannot analyse email
2026-08-25 03:13:42,059 - __main__ - INFO - Email from "Kleber Garcia AlcatrÃƒÂ£o @ Zion Tech Group" <kleber@ziontechgroup.com> flagged for human review (priority=high)
2026-08-25 03:13:42,110 - __main__ - ERROR - CURSOR_API_KEY missing – cannot analyse email
2026-08-25 03:13:42,110 - __main__ - INFO - Email from "Dooray!" <noreply@dooray.com> flagged for human review (priority=high)
2026-08-25 03:13:42,162 - __main__ - ERROR - CURSOR_API_KEY missing – cannot analyse email
2026-08-25 03:13:42,163 - __main__ - INFO - Email from "Kleber Garcia AlcatrÃƒÂ£o @ Zion Tech Group" <kleber@ziontechgroup.com> flagged for human review (priority=high)
2026-08-25 03:13:42,215 - __main__ - ERROR - CURSOR_API_KEY missing – cannot analyse email
2026-08-25 03:13:42,216 - __main__ - INFO - Email from "Kleber Garcia AlcatrÃƒÂ£o @ Zion Tech Group" <kleber@ziontechgroup.com> flagged for human review (priority=high)
2026-08-25 03:13:42,312 - __main__ - ERROR - CURSOR_API_KEY missing – cannot analyse email
2026-08-25 03:13:42,312 - __main__ - INFO - Email from "Kleber Garcia AlcatrÃƒÂ£o @ Zion Tech Group" <kleber@ziontechgroup.com> flagged for human review (priority=high)
2026-08-25 03:13:42,432 - __main__ - ERROR - CURSOR_API_KEY missing – cannot analyse email
2026-08-25 03:13:42,432 - __main__ - INFO - Email from "Dooray!" <noreply@dooray.com> flagged for human review (priority=high)
2026-08-25 03:13:42,484 - __main__ - ERROR - CURSOR_API_KEY missing – cannot analyse email
2026-08-25 03:13:42,485 - __main__ - INFO - Email from "Kleber Garcia AlcatrÃƒÂ£o @ Zion Tech Group" <kleber@ziontechgroup.com> flagged for human review (priority=high)
2026-08-25 03:13:42,536 - __main__ - ERROR - CURSOR_API_KEY missing – cannot analyse email
2026-08-25 03:13:42,536 - __main__ - INFO - Email from "Dooray!" <noreply@dooray.com> flagged for human review (priority=high)
2026-08-25 03:13:42,588 - __main__ - ERROR - CURSOR_API_KEY missing – cannot analyse email
2026-08-25 03:13:42,588 - __main__ - INFO - Email from "Kleber Garcia AlcatrÃƒÂ£o @ Zion Tech Group" <kleber@ziontechgroup.com> flagged for human review (priority=high)
2026-08-25 03:13:42,639 - __main__ - ERROR - CURSOR_API_KEY missing – cannot analyse email
2026-08-25 03:13:42,639 - __main__ - INFO - Email from "Kleber Garcia AlcatrÃƒÂ£o @ Zion Tech Group" <kleber@ziontechgroup.com> flagged for human review (priority=high)
2026-08-25 03:13:42,691 - __main__ - ERROR - CURSOR_API_KEY missing – cannot analyse email
2026-08-25 03:13:42,691 - __main__ - INFO - Email from "Kleber Garcia AlcatrÃƒÂ£o @ Zion Tech Group" <kleber@ziontechgroup.com> flagged for human review (priority=high)
2026-08-25 03:22:19,857 - __main__ - WARNING - CURSOR_API_KEY not set – GPT‑4 calls will fail
2026-08-25 03:22:37,810 - __main__ - INFO - Fetched 20 unread emails
2026-08-25 03:22:37,811 - __main__ - ERROR - CURSOR_API_KEY missing – cannot analyse email
2026-08-25 03:22:37,812 - __main__ - INFO - Email from EA SPORTS FC <EA@e.ea.com> flagged for human review (priority=high)
2026-08-25 03:22:37,866 - __main__ - ERROR - CURSOR_API_KEY missing – cannot analyse email
2026-08-25 03:22:37,867 - __main__ - INFO - Email from "github-actions[bot]" <notifications@github.com> flagged for human review (priority=high)
2026-08-25 03:22:37,922 - __main__ - ERROR - CURSOR_API_KEY missing – cannot analyse email
2026-08-25 03:22:37,923 - __main__ - INFO - Email from "Kleber Garcia AlcatrÃƒÂ£o @ Zion Tech Group" <kleber@ziontechgroup.com> flagged for human review (priority=high)
2026-08-25 03:22:37,975 - __main__ - ERROR - CURSOR_API_KEY missing – cannot analyse email
2026-08-25 03:22:37,976 - __main__ - INFO - Email from Kleber Garcia Alcatrao <notifications@github.com> flagged for human review (priority=high)
2026-08-25 03:22:38,029 - __main__ - ERROR - CURSOR_API_KEY missing – cannot analyse email
2026-08-25 03:22:38,029 - __main__ - INFO - Email from "Dooray!" <noreply@dooray.com> flagged for human review (priority=high)
2026-08-25 03:22:38,083 - __main__ - ERROR - CURSOR_API_KEY missing – cannot analyse email
2026-08-25 03:22:38,083 - __main__ - INFO - Email from "Kleber Garcia AlcatrÃƒÂ£o @ Zion Tech Group" <kleber@ziontechgroup.com> flagged for human review (priority=high)
2026-08-25 03:22:38,137 - __main__ - ERROR - CURSOR_API_KEY missing – cannot analyse email
2026-08-25 03:22:38,137 - __main__ - INFO - Email from "Kleber Garcia AlcatrÃƒÂ£o @ Zion Tech Group" <kleber@ziontechgroup.com> flagged for human review (priority=high)
2026-08-25 03:22:38,191 - __main__ - ERROR - CURSOR_API_KEY missing – cannot analyse email
2026-08-25 03:22:38,191 - __main__ - INFO - Email from Kleber Garcia Alcatrao <notifications@github.com> flagged for human review (priority=high)
2026-08-25 03:22:38,245 - __main__ - ERROR - CURSOR_API_KEY missing – cannot analyse email
2026-08-25 03:22:38,246 - __main__ - INFO - Email from "Kleber Garcia AlcatrÃƒÂ£o @ Zion Tech Group" <kleber@ziontechgroup.com> flagged for human review (priority=high)
2026-08-25 03:22:38,298 - __main__ - ERROR - CURSOR_API_KEY missing – cannot analyse email
2026-08-25 03:22:38,299 - __main__ - INFO - Email from "Dooray!" <noreply@dooray.com> flagged for human review (priority=high)
2026-08-25 03:22:38,351 - __main__ - ERROR - CURSOR_API_KEY missing – cannot analyse email
2026-08-25 03:22:38,352 - __main__ - INFO - Email from "Kleber Garcia AlcatrÃƒÂ£o @ Zion Tech Group" <kleber@ziontechgroup.com> flagged for human review (priority=high)
2026-08-25 03:22:38,404 - __main__ - ERROR - CURSOR_API_KEY missing – cannot analyse email
2026-08-25 03:22:38,405 - __main__ - INFO - Email from "Kleber Garcia AlcatrÃƒÂ£o @ Zion Tech Group" <kleber@ziontechgroup.com> flagged for human review (priority=high)
2026-08-25 03:22:38,457 - __main__ - ERROR - CURSOR_API_KEY missing – cannot analyse email
2026-08-25 03:22:38,457 - __main__ - INFO - Email from "Kleber Garcia AlcatrÃƒÂ£o @ Zion Tech Group" <kleber@ziontechgroup.com> flagged for human review (priority=high)
2026-08-25 03:22:38,511 - __main__ - ERROR - CURSOR_API_KEY missing – cannot analyse email
2026-08-25 03:22:38,511 - __main__ - INFO - Email from "Dooray!" <noreply@dooray.com> flagged for human review (priority=high)
2026-08-25 03:22:38,564 - __main__ - ERROR - CURSOR_API_KEY missing – cannot analyse email
2026-08-25 03:22:38,565 - __main__ - INFO - Email from "Kleber Garcia AlcatrÃƒÂ£o @ Zion Tech Group" <kleber@ziontechgroup.com> flagged for human review (priority=high)
2026-08-25 03:22:38,618 - __main__ - ERROR - CURSOR_API_KEY missing – cannot analyse email
2026-08-25 03:22:38,618 - __main__ - INFO - Email from "Dooray!" <noreply@dooray.com> flagged for human review (priority=high)
2026-08-25 03:22:38,672 - __main__ - ERROR - CURSOR_API_KEY missing – cannot analyse email
2026-08-25 03:22:38,672 - __main__ - INFO - Email from "Kleber Garcia AlcatrÃƒÂ£o @ Zion Tech Group" <kleber@ziontechgroup.com> flagged for human review (priority=high)
2026-08-25 03:22:38,726 - __main__ - ERROR - CURSOR_API_KEY missing – cannot analyse email
2026-08-25 03:22:38,727 - __main__ - INFO - Email from "Kleber Garcia AlcatrÃƒÂ£o @ Zion Tech Group" <kleber@ziontechgroup.com> flagged for human review (priority=high)
2026-08-25 03:22:38,780 - __main__ - ERROR - CURSOR_API_KEY missing – cannot analyse email
2026-08-25 03:22:38,780 - __main__ - INFO - Email from "Kleber Garcia AlcatrÃƒÂ£o @ Zion Tech Group" <kleber@ziontechgroup.com> flagged for human review (priority=high)
2026-08-25 03:22:38,835 - __main__ - ERROR - CURSOR_API_KEY missing – cannot analyse email
2026-08-25 03:22:38,835 - __main__ - INFO - Email from "Dooray!" <noreply@dooray.com> flagged for human review (priority=high)
2026-08-25 03:25:58,933 - __main__ - WARNING - CURSOR_API_KEY not set – GPT‑4 calls will fail
2026-08-25 03:26:15,327 - __main__ - INFO - Fetched 20 unread emails
2026-08-25 03:26:15,368 - __main__ - ERROR - CURSOR_API_KEY missing – cannot analyse email
2026-08-25 03:26:15,369 - __main__ - INFO - Email from Agrius IT <marketing@agriusit.com> flagged for human review (priority=high)
2026-08-25 03:26:15,502 - __main__ - ERROR - CURSOR_API_KEY missing – cannot analyse email
2026-08-25 03:26:15,503 - __main__ - INFO - Email from "Kleber Garcia AlcatrÃƒÂ£o @ Zion Tech Group" <kleber@ziontechgroup.com> flagged for human review (priority=high)
2026-08-25 03:26:15,599 - __main__ - ERROR - CURSOR_API_KEY missing – cannot analyse email
2026-08-25 03:26:15,599 - __main__ - INFO - Email from "Dooray!" <noreply@dooray.com> flagged for human review (priority=high)
2026-08-25 03:26:15,728 - __main__ - ERROR - CURSOR_API_KEY missing – cannot analyse email
2026-08-25 03:26:15,728 - __main__ - INFO - Email from "Kleber Garcia AlcatrÃƒÂ£o @ Zion Tech Group" <kleber@ziontechgroup.com> flagged for human review (priority=high)
2026-08-25 03:26:15,823 - __main__ - ERROR - CURSOR_API_KEY missing – cannot analyse email
2026-08-25 03:26:15,823 - __main__ - INFO - Email from "Kleber Garcia AlcatrÃƒÂ£o @ Zion Tech Group" <kleber@ziontechgroup.com> flagged for human review (priority=high)
2026-08-25 03:26:15,919 - __main__ - ERROR - CURSOR_API_KEY missing – cannot analyse email
2026-08-25 03:26:15,919 - __main__ - INFO - Email from EA SPORTS FC <EA@e.ea.com> flagged for human review (priority=high)
2026-08-25 03:26:16,015 - __main__ - ERROR - CURSOR_API_KEY missing – cannot analyse email
2026-08-25 03:26:16,016 - __main__ - INFO - Email from "github-actions[bot]" <notifications@github.com> flagged for human review (priority=high)
2026-08-25 03:26:16,111 - __main__ - ERROR - CURSOR_API_KEY missing – cannot analyse email
2026-08-25 03:26:16,111 - __main__ - INFO - Email from "Kleber Garcia AlcatrÃƒÂ£o @ Zion Tech Group" <kleber@ziontechgroup.com> flagged for human review (priority=high)
2026-08-25 03:26:16,207 - __main__ - ERROR - CURSOR_API_KEY missing – cannot analyse email
2026-08-25 03:26:16,208 - __main__ - INFO - Email from Kleber Garcia Alcatrao <notifications@github.com> flagged for human review (priority=high)
2026-08-25 03:26:16,303 - __main__ - ERROR - CURSOR_API_KEY missing – cannot analyse email
2026-08-25 03:26:16,304 - __main__ - INFO - Email from "Dooray!" <noreply@dooray.com> flagged for human review (priority=high)
2026-08-25 03:26:16,394 - __main__ - ERROR - CURSOR_API_KEY missing – cannot analyse email
2026-08-25 03:26:16,395 - __main__ - INFO - Email from "Kleber Garcia AlcatrÃƒÂ£o @ Zion Tech Group" <kleber@ziontechgroup.com> flagged for human review (priority=high)
2026-08-25 03:26:16,447 - __main__ - ERROR - CURSOR_API_KEY missing – cannot analyse email
2026-08-25 03:26:16,447 - __main__ - INFO - Email from "Kleber Garcia AlcatrÃƒÂ£o @ Zion Tech Group" <kleber@ziontechgroup.com> flagged for human review (priority=high)
2026-08-25 03:26:16,513 - __main__ - ERROR - CURSOR_API_KEY missing – cannot analyse email
2026-08-25 03:26:16,514 - __main__ - INFO - Email from Kleber Garcia Alcatrao <notifications@github.com> flagged for human review (priority=high)
2026-08-25 03:26:16,564 - __main__ - ERROR - CURSOR_API_KEY missing – cannot analyse email
2026-08-25 03:26:16,564 - __main__ - INFO - Email from "Kleber Garcia AlcatrÃƒÂ£o @ Zion Tech Group" <kleber@ziontechgroup.com> flagged for human review (priority=high)
2026-08-25 03:26:16,617 - __main__ - ERROR - CURSOR_API_KEY missing – cannot analyse email
2026-08-25 03:26:16,618 - __main__ - INFO - Email from "Dooray!" <noreply@dooray.com> flagged for human review (priority=high)
2026-08-25 03:26:16,671 - __main__ - ERROR - CURSOR_API_KEY missing – cannot analyse email
2026-08-25 03:26:16,672 - __main__ - INFO - Email from "Kleber Garcia AlcatrÃƒÂ£o @ Zion Tech Group" <kleber@ziontechgroup.com> flagged for human review (priority=high)
2026-08-25 03:26:16,725 - __main__ - ERROR - CURSOR_API_KEY missing – cannot analyse email
2026-08-25 03:26:16,726 - __main__ - INFO - Email from "Kleber Garcia AlcatrÃƒÂ£o @ Zion Tech Group" <kleber@ziontechgroup.com> flagged for human review (priority=high)
2026-08-25 03:26:16,780 - __main__ - ERROR - CURSOR_API_KEY missing – cannot analyse email
2026-08-25 03:26:16,780 - __main__ - INFO - Email from "Kleber Garcia AlcatrÃƒÂ£o @ Zion Tech Group" <kleber@ziontechgroup.com> flagged for human review (priority=high)
2026-08-25 03:26:16,834 - __main__ - ERROR - CURSOR_API_KEY missing – cannot analyse email
2026-08-25 03:26:16,835 - __main__ - INFO - Email from "Dooray!" <noreply@dooray.com> flagged for human review (priority=high)
2026-08-25 03:26:16,890 - __main__ - ERROR - CURSOR_API_KEY missing – cannot analyse email
2026-08-25 03:26:16,890 - __main__ - INFO - Email from "Kleber Garcia AlcatrÃƒÂ£o @ Zion Tech Group" <kleber@ziontechgroup.com> flagged for human review (priority=high)
2026-08-25 03:27:42,147 - __main__ - WARNING - CURSOR_API_KEY not set – GPT‑4 calls will fail
2026-08-25 03:27:58,620 - __main__ - INFO - Fetched 20 unread emails
2026-08-25 03:27:58,621 - __main__ - ERROR - CURSOR_API_KEY missing – cannot analyse email
2026-08-25 03:27:58,621 - __main__ - INFO - Email from Agrius IT <marketing@agriusit.com> flagged for human review (priority=high)
2026-08-25 03:27:58,674 - __main__ - ERROR - CURSOR_API_KEY missing – cannot analyse email
2026-08-25 03:27:58,674 - __main__ - INFO - Email from "Kleber Garcia AlcatrÃƒÂ£o @ Zion Tech Group" <kleber@ziontechgroup.com> flagged for human review (priority=high)
2026-08-25 03:27:58,726 - __main__ - ERROR - CURSOR_API_KEY missing – cannot analyse email
2026-08-25 03:27:58,727 - __main__ - INFO - Email from "Dooray!" <noreply@dooray.com> flagged for human review (priority=high)
2026-08-25 03:27:58,778 - __main__ - ERROR - CURSOR_API_KEY missing – cannot analyse email
2026-08-25 03:27:58,778 - __main__ - INFO - Email from "Kleber Garcia AlcatrÃƒÂ£o @ Zion Tech Group" <kleber@ziontechgroup.com> flagged for human review (priority=high)
2026-08-25 03:27:58,829 - __main__ - ERROR - CURSOR_API_KEY missing – cannot analyse email
2026-08-25 03:27:58,830 - __main__ - INFO - Email from "Kleber Garcia AlcatrÃƒÂ£o @ Zion Tech Group" <kleber@ziontechgroup.com> flagged for human review (priority=high)
2026-08-25 03:27:58,885 - __main__ - ERROR - CURSOR_API_KEY missing – cannot analyse email
2026-08-25 03:27:58,885 - __main__ - INFO - Email from EA SPORTS FC <EA@e.ea.com> flagged for human review (priority=high)
2026-08-25 03:27:58,935 - __main__ - ERROR - CURSOR_API_KEY missing – cannot analyse email
2026-08-25 03:27:58,935 - __main__ - INFO - Email from "github-actions[bot]" <notifications@github.com> flagged for human review (priority=high)
2026-08-25 03:27:58,985 - __main__ - ERROR - CURSOR_API_KEY missing – cannot analyse email
2026-08-25 03:27:58,985 - __main__ - INFO - Email from "Kleber Garcia AlcatrÃƒÂ£o @ Zion Tech Group" <kleber@ziontechgroup.com> flagged for human review (priority=high)
2026-08-25 03:27:59,036 - __main__ - ERROR - CURSOR_API_KEY missing – cannot analyse email
2026-08-25 03:27:59,037 - __main__ - INFO - Email from Kleber Garcia Alcatrao <notifications@github.com> flagged for human review (priority=high)
2026-08-25 03:27:59,088 - __main__ - ERROR - CURSOR_API_KEY missing – cannot analyse email
2026-08-25 03:27:59,089 - __main__ - INFO - Email from "Dooray!" <noreply@dooray.com> flagged for human review (priority=high)
2026-08-25 03:27:59,141 - __main__ - ERROR - CURSOR_API_KEY missing – cannot analyse email
2026-08-25 03:27:59,141 - __main__ - INFO - Email from "Kleber Garcia AlcatrÃƒÂ£o @ Zion Tech Group" <kleber@ziontechgroup.com> flagged for human review (priority=high)
2026-08-25 03:27:59,191 - __main__ - ERROR - CURSOR_API_KEY missing – cannot analyse email
2026-08-25 03:27:59,191 - __main__ - INFO - Email from "Kleber Garcia AlcatrÃƒÂ£o @ Zion Tech Group" <kleber@ziontechgroup.com> flagged for human review (priority=high)
2026-08-25 03:27:59,243 - __main__ - ERROR - CURSOR_API_KEY missing – cannot analyse email
2026-08-25 03:27:59,243 - __main__ - INFO - Email from Kleber Garcia Alcatrao <notifications@github.com> flagged for human review (priority=high)
2026-08-25 03:27:59,296 - __main__ - ERROR - CURSOR_API_KEY missing – cannot analyse email
2026-08-25 03:27:59,296 - __main__ - INFO - Email from "Kleber Garcia AlcatrÃƒÂ£o @ Zion Tech Group" <kleber@ziontechgroup.com> flagged for human review (priority=high)
2026-08-25 03:27:59,346 - __main__ - ERROR - CURSOR_API_KEY missing – cannot analyse email
2026-08-25 03:27:59,347 - __main__ - INFO - Email from "Dooray!" <noreply@dooray.com> flagged for human review (priority=high)
2026-08-25 03:27:59,398 - __main__ - ERROR - CURSOR_API_KEY missing – cannot analyse email
2026-08-25 03:27:59,398 - __main__ - INFO - Email from "Kleber Garcia AlcatrÃƒÂ£o @ Zion Tech Group" <kleber@ziontechgroup.com> flagged for human review (priority=high)
2026-08-25 03:27:59,449 - __main__ - ERROR - CURSOR_API_KEY missing – cannot analyse email
2026-08-25 03:27:59,449 - __main__ - INFO - Email from "Kleber Garcia AlcatrÃƒÂ£o @ Zion Tech Group" <kleber@ziontechgroup.com> flagged for human review (priority=high)
2026-08-25 03:27:59,500 - __main__ - ERROR - CURSOR_API_KEY missing – cannot analyse email
2026-08-25 03:27:59,500 - __main__ - INFO - Email from "Kleber Garcia AlcatrÃƒÂ£o @ Zion Tech Group" <kleber@ziontechgroup.com> flagged for human review (priority=high)
2026-08-25 03:27:59,552 - __main__ - ERROR - CURSOR_API_KEY missing – cannot analyse email
2026-08-25 03:27:59,552 - __main__ - INFO - Email from "Dooray!" <noreply@dooray.com> flagged for human review (priority=high)
2026-08-25 03:27:59,603 - __main__ - ERROR - CURSOR_API_KEY missing – cannot analyse email
2026-08-25 03:27:59,603 - __main__ - INFO - Email from "Kleber Garcia AlcatrÃƒÂ£o @ Zion Tech Group" <kleber@ziontechgroup.com> flagged for human review (priority=high)
2026-08-25 03:30:22,818 - __main__ - WARNING - CURSOR_API_KEY not set – GPT‑4 calls will fail
2026-08-25 03:30:41,026 - __main__ - INFO - Fetched 20 unread emails
2026-08-25 03:30:41,027 - __main__ - ERROR - CURSOR_API_KEY missing – cannot analyse email
2026-08-25 03:30:41,027 - __main__ - INFO - Email from Kleber Garcia Alcatrao <notifications@github.com> flagged for human review (priority=high)
2026-08-25 03:30:41,079 - __main__ - ERROR - CURSOR_API_KEY missing – cannot analyse email
2026-08-25 03:30:41,079 - __main__ - INFO - Email from Agrius IT <marketing@agriusit.com> flagged for human review (priority=high)
2026-08-25 03:30:41,129 - __main__ - ERROR - CURSOR_API_KEY missing – cannot analyse email
2026-08-25 03:30:41,130 - __main__ - INFO - Email from "Kleber Garcia AlcatrÃƒÂ£o @ Zion Tech Group" <kleber@ziontechgroup.com> flagged for human review (priority=high)
2026-08-25 03:30:41,182 - __main__ - ERROR - CURSOR_API_KEY missing – cannot analyse email
2026-08-25 03:30:41,182 - __main__ - INFO - Email from "Dooray!" <noreply@dooray.com> flagged for human review (priority=high)
2026-08-25 03:30:41,238 - __main__ - ERROR - CURSOR_API_KEY missing – cannot analyse email
2026-08-25 03:30:41,238 - __main__ - INFO - Email from "Kleber Garcia AlcatrÃƒÂ£o @ Zion Tech Group" <kleber@ziontechgroup.com> flagged for human review (priority=high)
2026-08-25 03:30:41,290 - __main__ - ERROR - CURSOR_API_KEY missing – cannot analyse email
2026-08-25 03:30:41,291 - __main__ - INFO - Email from "Kleber Garcia AlcatrÃƒÂ£o @ Zion Tech Group" <kleber@ziontechgroup.com> flagged for human review (priority=high)
2026-08-25 03:30:41,342 - __main__ - ERROR - CURSOR_API_KEY missing – cannot analyse email
2026-08-25 03:30:41,342 - __main__ - INFO - Email from EA SPORTS FC <EA@e.ea.com> flagged for human review (priority=high)
2026-08-25 03:30:41,394 - __main__ - ERROR - CURSOR_API_KEY missing – cannot analyse email
2026-08-25 03:30:41,395 - __main__ - INFO - Email from "github-actions[bot]" <notifications@github.com> flagged for human review (priority=high)
2026-08-25 03:30:41,447 - __main__ - ERROR - CURSOR_API_KEY missing – cannot analyse email
2026-08-25 03:30:41,447 - __main__ - INFO - Email from "Kleber Garcia AlcatrÃƒÂ£o @ Zion Tech Group" <kleber@ziontechgroup.com> flagged for human review (priority=high)
2026-08-25 03:30:41,502 - __main__ - ERROR - CURSOR_API_KEY missing – cannot analyse email
2026-08-25 03:30:41,502 - __main__ - INFO - Email from Kleber Garcia Alcatrao <notifications@github.com> flagged for human review (priority=high)
2026-08-25 03:30:41,552 - __main__ - ERROR - CURSOR_API_KEY missing – cannot analyse email
2026-08-25 03:30:41,553 - __main__ - INFO - Email from "Dooray!" <noreply@dooray.com> flagged for human review (priority=high)
2026-08-25 03:30:41,604 - __main__ - ERROR - CURSOR_API_KEY missing – cannot analyse email
2026-08-25 03:30:41,604 - __main__ - INFO - Email from "Kleber Garcia AlcatrÃƒÂ£o @ Zion Tech Group" <kleber@ziontechgroup.com> flagged for human review (priority=high)
2026-08-25 03:30:41,657 - __main__ - ERROR - CURSOR_API_KEY missing – cannot analyse email
2026-08-25 03:30:41,658 - __main__ - INFO - Email from "Kleber Garcia AlcatrÃƒÂ£o @ Zion Tech Group" <kleber@ziontechgroup.com> flagged for human review (priority=high)
2026-08-25 03:30:41,711 - __main__ - ERROR - CURSOR_API_KEY missing – cannot analyse email
2026-08-25 03:30:41,712 - __main__ - INFO - Email from Kleber Garcia Alcatrao <notifications@github.com> flagged for human review (priority=high)
2026-08-25 03:30:41,765 - __main__ - ERROR - CURSOR_API_KEY missing – cannot analyse email
2026-08-25 03:30:41,765 - __main__ - INFO - Email from "Kleber Garcia AlcatrÃƒÂ£o @ Zion Tech Group" <kleber@ziontechgroup.com> flagged for human review (priority=high)
2026-08-25 03:30:41,817 - __main__ - ERROR - CURSOR_API_KEY missing – cannot analyse email
2026-08-25 03:30:41,817 - __main__ - INFO - Email from "Dooray!" <noreply@dooray.com> flagged for human review (priority=high)
2026-08-25 03:30:41,869 - __main__ - ERROR - CURSOR_API_KEY missing – cannot analyse email
2026-08-25 03:30:41,870 - __main__ - INFO - Email from "Kleber Garcia AlcatrÃƒÂ£o @ Zion Tech Group" <kleber@ziontechgroup.com> flagged for human review (priority=high)
2026-08-25 03:30:41,922 - __main__ - ERROR - CURSOR_API_KEY missing – cannot analyse email
2026-08-25 03:30:41,923 - __main__ - INFO - Email from "Kleber Garcia AlcatrÃƒÂ£o @ Zion Tech Group" <kleber@ziontechgroup.com> flagged for human review (priority=high)
2026-08-25 03:30:42,017 - __main__ - ERROR - CURSOR_API_KEY missing – cannot analyse email
2026-08-25 03:30:42,017 - __main__ - INFO - Email from "Kleber Garcia AlcatrÃƒÂ£o @ Zion Tech Group" <kleber@ziontechgroup.com> flagged for human review (priority=high)
2026-08-25 03:30:42,067 - __main__ - ERROR - CURSOR_API_KEY missing – cannot analyse email
2026-08-25 03:30:42,068 - __main__ - INFO - Email from "Dooray!" <noreply@dooray.com> flagged for human review (priority=high)
2026-08-25 03:35:45,325 - __main__ - WARNING - CURSOR_API_KEY not set – GPT‑4 calls will fail
2026-08-25 03:36:02,014 - __main__ - INFO - Fetched 20 unread emails
2026-08-25 03:36:02,015 - __main__ - ERROR - CURSOR_API_KEY missing – cannot analyse email
2026-08-25 03:36:02,015 - __main__ - INFO - Email from "Kleber Garcia AlcatrÃƒÂ£o @ Zion Tech Group" <kleber@ziontechgroup.com> flagged for human review (priority=high)
2026-08-25 03:36:02,067 - __main__ - ERROR - CURSOR_API_KEY missing – cannot analyse email
2026-08-25 03:36:02,067 - __main__ - INFO - Email from "Kleber Garcia AlcatrÃƒÂ£o @ Zion Tech Group" <kleber@ziontechgroup.com> flagged for human review (priority=high)
2026-08-25 03:36:02,117 - __main__ - ERROR - CURSOR_API_KEY missing – cannot analyse email
2026-08-25 03:36:02,118 - __main__ - INFO - Email from "Dooray!" <noreply@dooray.com> flagged for human review (priority=high)
2026-08-25 03:36:02,169 - __main__ - ERROR - CURSOR_API_KEY missing – cannot analyse email
2026-08-25 03:36:02,169 - __main__ - INFO - Email from "Dooray!" <noreply@dooray.com> flagged for human review (priority=high)
2026-08-25 03:36:02,219 - __main__ - ERROR - CURSOR_API_KEY missing – cannot analyse email
2026-08-25 03:36:02,219 - __main__ - INFO - Email from "Kleber Garcia AlcatrÃƒÂ£o @ Zion Tech Group" <kleber@ziontechgroup.com> flagged for human review (priority=high)
2026-08-25 03:36:02,271 - __main__ - ERROR - CURSOR_API_KEY missing – cannot analyse email
2026-08-25 03:36:02,271 - __main__ - INFO - Email from "Kleber Garcia AlcatrÃƒÂ£o @ Zion Tech Group" <kleber@ziontechgroup.com> flagged for human review (priority=high)
2026-08-25 03:36:02,325 - __main__ - ERROR - CURSOR_API_KEY missing – cannot analyse email
2026-08-25 03:36:02,326 - __main__ - INFO - Email from "Kleber Garcia AlcatrÃƒÂ£o @ Zion Tech Group" <kleber@ziontechgroup.com> flagged for human review (priority=high)
2026-08-25 03:36:02,378 - __main__ - ERROR - CURSOR_API_KEY missing – cannot analyse email
2026-08-25 03:36:02,379 - __main__ - INFO - Email from Kleber Garcia Alcatrao <notifications@github.com> flagged for human review (priority=high)
2026-08-25 03:36:02,430 - __main__ - ERROR - CURSOR_API_KEY missing – cannot analyse email
2026-08-25 03:36:02,430 - __main__ - INFO - Email from Agrius IT <marketing@agriusit.com> flagged for human review (priority=high)
2026-08-25 03:36:02,481 - __main__ - ERROR - CURSOR_API_KEY missing – cannot analyse email
2026-08-25 03:36:02,481 - __main__ - INFO - Email from "Kleber Garcia AlcatrÃƒÂ£o @ Zion Tech Group" <kleber@ziontechgroup.com> flagged for human review (priority=high)
2026-08-25 03:36:02,532 - __main__ - ERROR - CURSOR_API_KEY missing – cannot analyse email
2026-08-25 03:36:02,532 - __main__ - INFO - Email from "Dooray!" <noreply@dooray.com> flagged for human review (priority=high)
2026-08-25 03:36:02,584 - __main__ - ERROR - CURSOR_API_KEY missing – cannot analyse email
2026-08-25 03:36:02,584 - __main__ - INFO - Email from "Kleber Garcia AlcatrÃƒÂ£o @ Zion Tech Group" <kleber@ziontechgroup.com> flagged for human review (priority=high)
2026-08-25 03:36:02,635 - __main__ - ERROR - CURSOR_API_KEY missing – cannot analyse email
2026-08-25 03:36:02,635 - __main__ - INFO - Email from "Kleber Garcia AlcatrÃƒÂ£o @ Zion Tech Group" <kleber@ziontechgroup.com> flagged for human review (priority=high)
2026-08-25 03:36:02,685 - __main__ - ERROR - CURSOR_API_KEY missing – cannot analyse email
2026-08-25 03:36:02,686 - __main__ - INFO - Email from EA SPORTS FC <EA@e.ea.com> flagged for human review (priority=high)
2026-08-25 03:36:02,736 - __main__ - ERROR - CURSOR_API_KEY missing – cannot analyse email
2026-08-25 03:36:02,737 - __main__ - INFO - Email from "github-actions[bot]" <notifications@github.com> flagged for human review (priority=high)
2026-08-25 03:36:02,788 - __main__ - ERROR - CURSOR_API_KEY missing – cannot analyse email
2026-08-25 03:36:02,788 - __main__ - INFO - Email from "Kleber Garcia AlcatrÃƒÂ£o @ Zion Tech Group" <kleber@ziontechgroup.com> flagged for human review (priority=high)
2026-08-25 03:36:02,840 - __main__ - ERROR - CURSOR_API_KEY missing – cannot analyse email
2026-08-25 03:36:02,840 - __main__ - INFO - Email from Kleber Garcia Alcatrao <notifications@github.com> flagged for human review (priority=high)
2026-08-25 03:36:02,892 - __main__ - ERROR - CURSOR_API_KEY missing – cannot analyse email
2026-08-25 03:36:02,893 - __main__ - INFO - Email from "Dooray!" <noreply@dooray.com> flagged for human review (priority=high)
2026-08-25 03:36:02,943 - __main__ - ERROR - CURSOR_API_KEY missing – cannot analyse email
2026-08-25 03:36:02,943 - __main__ - INFO - Email from "Kleber Garcia AlcatrÃƒÂ£o @ Zion Tech Group" <kleber@ziontechgroup.com> flagged for human review (priority=high)
2026-08-25 03:36:02,995 - __main__ - ERROR - CURSOR_API_KEY missing – cannot analyse email
2026-08-25 03:36:02,995 - __main__ - INFO - Email from "Kleber Garcia AlcatrÃƒÂ£o @ Zion Tech Group" <kleber@ziontechgroup.com> flagged for human review (priority=high)
2026-08-25 03:42:09,922 - __main__ - WARNING - CURSOR_API_KEY not set – GPT‑4 calls will fail
2026-08-25 03:42:27,104 - __main__ - INFO - Fetched 20 unread emails
2026-08-25 03:42:27,105 - __main__ - ERROR - CURSOR_API_KEY missing – cannot analyse email
2026-08-25 03:42:27,105 - __main__ - INFO - Email from "Kleber Garcia AlcatrÃƒÂ£o @ Zion Tech Group" <kleber@ziontechgroup.com> flagged for human review (priority=high)
2026-08-25 03:42:27,156 - __main__ - ERROR - CURSOR_API_KEY missing – cannot analyse email
2026-08-25 03:42:27,157 - __main__ - INFO - Email from "Dooray!" <noreply@dooray.com> flagged for human review (priority=high)
2026-08-25 03:42:27,207 - __main__ - ERROR - CURSOR_API_KEY missing – cannot analyse email
2026-08-25 03:42:27,207 - __main__ - INFO - Email from "Kleber Garcia AlcatrÃƒÂ£o @ Zion Tech Group" <kleber@ziontechgroup.com> flagged for human review (priority=high)
2026-08-25 03:42:27,259 - __main__ - ERROR - CURSOR_API_KEY missing – cannot analyse email
2026-08-25 03:42:27,259 - __main__ - INFO - Email from "Kleber Garcia AlcatrÃƒÂ£o @ Zion Tech Group" <kleber@ziontechgroup.com> flagged for human review (priority=high)
2026-08-25 03:42:27,309 - __main__ - ERROR - CURSOR_API_KEY missing – cannot analyse email
2026-08-25 03:42:27,310 - __main__ - INFO - Email from "Kleber Garcia AlcatrÃƒÂ£o @ Zion Tech Group" <kleber@ziontechgroup.com> flagged for human review (priority=high)
2026-08-25 03:42:27,361 - __main__ - ERROR - CURSOR_API_KEY missing – cannot analyse email
2026-08-25 03:42:27,361 - __main__ - INFO - Email from "Kleber Garcia AlcatrÃƒÂ£o @ Zion Tech Group" <kleber@ziontechgroup.com> flagged for human review (priority=high)
2026-08-25 03:42:27,412 - __main__ - ERROR - CURSOR_API_KEY missing – cannot analyse email
2026-08-25 03:42:27,412 - __main__ - INFO - Email from "Dooray!" <noreply@dooray.com> flagged for human review (priority=high)
2026-08-25 03:42:27,463 - __main__ - ERROR - CURSOR_API_KEY missing – cannot analyse email
2026-08-25 03:42:27,463 - __main__ - INFO - Email from "Dooray!" <noreply@dooray.com> flagged for human review (priority=high)
2026-08-25 03:42:27,513 - __main__ - ERROR - CURSOR_API_KEY missing – cannot analyse email
2026-08-25 03:42:27,513 - __main__ - INFO - Email from "Kleber Garcia AlcatrÃƒÂ£o @ Zion Tech Group" <kleber@ziontechgroup.com> flagged for human review (priority=high)
2026-08-25 03:42:27,564 - __main__ - ERROR - CURSOR_API_KEY missing – cannot analyse email
2026-08-25 03:42:27,565 - __main__ - INFO - Email from "Kleber Garcia AlcatrÃƒÂ£o @ Zion Tech Group" <kleber@ziontechgroup.com> flagged for human review (priority=high)
2026-08-25 03:42:27,614 - __main__ - ERROR - CURSOR_API_KEY missing – cannot analyse email
2026-08-25 03:42:27,615 - __main__ - INFO - Email from "Kleber Garcia AlcatrÃƒÂ£o @ Zion Tech Group" <kleber@ziontechgroup.com> flagged for human review (priority=high)
2026-08-25 03:42:27,666 - __main__ - ERROR - CURSOR_API_KEY missing – cannot analyse email
2026-08-25 03:42:27,666 - __main__ - INFO - Email from "Kleber Garcia AlcatrÃƒÂ£o @ Zion Tech Group" <kleber@ziontechgroup.com> flagged for human review (priority=high)
2026-08-25 03:42:27,717 - __main__ - ERROR - CURSOR_API_KEY missing – cannot analyse email
2026-08-25 03:42:27,718 - __main__ - INFO - Email from Kleber Garcia Alcatrao <notifications@github.com> flagged for human review (priority=high)
2026-08-25 03:42:27,769 - __main__ - ERROR - CURSOR_API_KEY missing – cannot analyse email
2026-08-25 03:42:27,769 - __main__ - INFO - Email from Agrius IT <marketing@agriusit.com> flagged for human review (priority=high)
2026-08-25 03:42:27,822 - __main__ - ERROR - CURSOR_API_KEY missing – cannot analyse email
2026-08-25 03:42:27,825 - __main__ - INFO - Email from "Kleber Garcia AlcatrÃƒÂ£o @ Zion Tech Group" <kleber@ziontechgroup.com> flagged for human review (priority=high)
2026-08-25 03:42:27,917 - __main__ - ERROR - CURSOR_API_KEY missing – cannot analyse email
2026-08-25 03:42:27,917 - __main__ - INFO - Email from "Dooray!" <noreply@dooray.com> flagged for human review (priority=high)
2026-08-25 03:42:27,968 - __main__ - ERROR - CURSOR_API_KEY missing – cannot analyse email
2026-08-25 03:42:27,968 - __main__ - INFO - Email from "Kleber Garcia AlcatrÃƒÂ£o @ Zion Tech Group" <kleber@ziontechgroup.com> flagged for human review (priority=high)
2026-08-25 03:42:28,020 - __main__ - ERROR - CURSOR_API_KEY missing – cannot analyse email
2026-08-25 03:42:28,020 - __main__ - INFO - Email from "Kleber Garcia AlcatrÃƒÂ£o @ Zion Tech Group" <kleber@ziontechgroup.com> flagged for human review (priority=high)
2026-08-25 03:42:28,072 - __main__ - ERROR - CURSOR_API_KEY missing – cannot analyse email
2026-08-25 03:42:28,072 - __main__ - INFO - Email from EA SPORTS FC <EA@e.ea.com> flagged for human review (priority=high)
2026-08-25 03:42:28,124 - __main__ - ERROR - CURSOR_API_KEY missing – cannot analyse email
2026-08-25 03:42:28,124 - __main__ - INFO - Email from "github-actions[bot]" <notifications@github.com> flagged for human review (priority=high)
2026-08-25 03:45:38,824 - __main__ - WARNING - CURSOR_API_KEY not set – GPT‑4 calls will fail
2026-08-25 03:45:54,608 - __main__ - INFO - Fetched 20 unread emails
2026-08-25 03:45:54,609 - __main__ - ERROR - CURSOR_API_KEY missing – cannot analyse email
2026-08-25 03:45:54,609 - __main__ - INFO - Email from kleber@ziontechgroup.com flagged for human review (priority=high)
2026-08-25 03:45:54,663 - __main__ - ERROR - CURSOR_API_KEY missing – cannot analyse email
2026-08-25 03:45:54,663 - __main__ - INFO - Email from "Kleber Garcia AlcatrÃƒÂ£o @ Zion Tech Group" <kleber@ziontechgroup.com> flagged for human review (priority=high)
2026-08-25 03:45:54,714 - __main__ - ERROR - CURSOR_API_KEY missing – cannot analyse email
2026-08-25 03:45:54,715 - __main__ - INFO - Email from "Dooray!" <noreply@dooray.com> flagged for human review (priority=high)
2026-08-25 03:45:54,765 - __main__ - ERROR - CURSOR_API_KEY missing – cannot analyse email
2026-08-25 03:45:54,766 - __main__ - INFO - Email from "Kleber Garcia AlcatrÃƒÂ£o @ Zion Tech Group" <kleber@ziontechgroup.com> flagged for human review (priority=high)
2026-08-25 03:45:54,816 - __main__ - ERROR - CURSOR_API_KEY missing – cannot analyse email
2026-08-25 03:45:54,816 - __main__ - INFO - Email from "Kleber Garcia AlcatrÃƒÂ£o @ Zion Tech Group" <kleber@ziontechgroup.com> flagged for human review (priority=high)
2026-08-25 03:45:54,866 - __main__ - ERROR - CURSOR_API_KEY missing – cannot analyse email
2026-08-25 03:45:54,866 - __main__ - INFO - Email from "Kleber Garcia AlcatrÃƒÂ£o @ Zion Tech Group" <kleber@ziontechgroup.com> flagged for human review (priority=high)
2026-08-25 03:45:54,918 - __main__ - ERROR - CURSOR_API_KEY missing – cannot analyse email
2026-08-25 03:45:54,918 - __main__ - INFO - Email from "Kleber Garcia AlcatrÃƒÂ£o @ Zion Tech Group" <kleber@ziontechgroup.com> flagged for human review (priority=high)
2026-08-25 03:45:54,969 - __main__ - ERROR - CURSOR_API_KEY missing – cannot analyse email
2026-08-25 03:45:54,969 - __main__ - INFO - Email from "Dooray!" <noreply@dooray.com> flagged for human review (priority=high)
2026-08-25 03:45:55,018 - __main__ - ERROR - CURSOR_API_KEY missing – cannot analyse email
2026-08-25 03:45:55,019 - __main__ - INFO - Email from "Dooray!" <noreply@dooray.com> flagged for human review (priority=high)
2026-08-25 03:45:55,069 - __main__ - ERROR - CURSOR_API_KEY missing – cannot analyse email
2026-08-25 03:45:55,069 - __main__ - INFO - Email from "Kleber Garcia AlcatrÃƒÂ£o @ Zion Tech Group" <kleber@ziontechgroup.com> flagged for human review (priority=high)
2026-08-25 03:45:55,119 - __main__ - ERROR - CURSOR_API_KEY missing – cannot analyse email
2026-08-25 03:45:55,120 - __main__ - INFO - Email from "Kleber Garcia AlcatrÃƒÂ£o @ Zion Tech Group" <kleber@ziontechgroup.com> flagged for human review (priority=high)
2026-08-25 03:45:55,170 - __main__ - ERROR - CURSOR_API_KEY missing – cannot analyse email
2026-08-25 03:45:55,170 - __main__ - INFO - Email from "Kleber Garcia AlcatrÃƒÂ£o @ Zion Tech Group" <kleber@ziontechgroup.com> flagged for human review (priority=high)
2026-08-25 03:45:55,220 - __main__ - ERROR - CURSOR_API_KEY missing – cannot analyse email
2026-08-25 03:45:55,220 - __main__ - INFO - Email from "Kleber Garcia AlcatrÃƒÂ£o @ Zion Tech Group" <kleber@ziontechgroup.com> flagged for human review (priority=high)
2026-08-25 03:45:55,273 - __main__ - ERROR - CURSOR_API_KEY missing – cannot analyse email
2026-08-25 03:45:55,274 - __main__ - INFO - Email from Kleber Garcia Alcatrao <notifications@github.com> flagged for human review (priority=high)
2026-08-25 03:45:55,324 - __main__ - ERROR - CURSOR_API_KEY missing – cannot analyse email
2026-08-25 03:45:55,324 - __main__ - INFO - Email from Agrius IT <marketing@agriusit.com> flagged for human review (priority=high)
2026-08-25 03:45:55,373 - __main__ - ERROR - CURSOR_API_KEY missing – cannot analyse email
2026-08-25 03:45:55,374 - __main__ - INFO - Email from "Kleber Garcia AlcatrÃƒÂ£o @ Zion Tech Group" <kleber@ziontechgroup.com> flagged for human review (priority=high)
2026-08-25 03:45:55,423 - __main__ - ERROR - CURSOR_API_KEY missing – cannot analyse email
2026-08-25 03:45:55,424 - __main__ - INFO - Email from "Dooray!" <noreply@dooray.com> flagged for human review (priority=high)
2026-08-25 03:45:55,474 - __main__ - ERROR - CURSOR_API_KEY missing – cannot analyse email
2026-08-25 03:45:55,475 - __main__ - INFO - Email from "Kleber Garcia AlcatrÃƒÂ£o @ Zion Tech Group" <kleber@ziontechgroup.com> flagged for human review (priority=high)
2026-08-25 03:45:55,525 - __main__ - ERROR - CURSOR_API_KEY missing – cannot analyse email
2026-08-25 03:45:55,525 - __main__ - INFO - Email from "Kleber Garcia AlcatrÃƒÂ£o @ Zion Tech Group" <kleber@ziontechgroup.com> flagged for human review (priority=high)
2026-08-25 03:45:55,575 - __main__ - ERROR - CURSOR_API_KEY missing – cannot analyse email
2026-08-25 03:45:55,575 - __main__ - INFO - Email from EA SPORTS FC <EA@e.ea.com> flagged for human review (priority=high)
2026-08-25 03:53:21,533 - __main__ - WARNING - CURSOR_API_KEY not set – GPT‑4 calls will fail
2026-08-25 03:53:38,583 - __main__ - INFO - Fetched 20 unread emails
2026-08-25 03:53:38,584 - __main__ - ERROR - CURSOR_API_KEY missing – cannot analyse email
2026-08-25 03:53:38,584 - __main__ - INFO - Email from "github-actions[bot]" <notifications@github.com> flagged for human review (priority=high)
2026-08-25 03:53:38,637 - __main__ - ERROR - CURSOR_API_KEY missing – cannot analyse email
2026-08-25 03:53:38,638 - __main__ - INFO - Email from Kleber Garcia Alcatrao <notifications@github.com> flagged for human review (priority=high)
2026-08-25 03:53:38,690 - __main__ - ERROR - CURSOR_API_KEY missing – cannot analyse email
2026-08-25 03:53:38,691 - __main__ - INFO - Email from kleber@ziontechgroup.com flagged for human review (priority=high)
2026-08-25 03:53:38,743 - __main__ - ERROR - CURSOR_API_KEY missing – cannot analyse email
2026-08-25 03:53:38,744 - __main__ - INFO - Email from "Kleber Garcia AlcatrÃƒÂ£o @ Zion Tech Group" <kleber@ziontechgroup.com> flagged for human review (priority=high)
2026-08-25 03:53:38,798 - __main__ - ERROR - CURSOR_API_KEY missing – cannot analyse email
2026-08-25 03:53:38,798 - __main__ - INFO - Email from "Dooray!" <noreply@dooray.com> flagged for human review (priority=high)
2026-08-25 03:53:38,851 - __main__ - ERROR - CURSOR_API_KEY missing – cannot analyse email
2026-08-25 03:53:38,852 - __main__ - INFO - Email from "Kleber Garcia AlcatrÃƒÂ£o @ Zion Tech Group" <kleber@ziontechgroup.com> flagged for human review (priority=high)
2026-08-25 03:53:38,905 - __main__ - ERROR - CURSOR_API_KEY missing – cannot analyse email
2026-08-25 03:53:38,905 - __main__ - INFO - Email from "Kleber Garcia AlcatrÃƒÂ£o @ Zion Tech Group" <kleber@ziontechgroup.com> flagged for human review (priority=high)
2026-08-25 03:53:38,958 - __main__ - ERROR - CURSOR_API_KEY missing – cannot analyse email
2026-08-25 03:53:38,959 - __main__ - INFO - Email from "Kleber Garcia AlcatrÃƒÂ£o @ Zion Tech Group" <kleber@ziontechgroup.com> flagged for human review (priority=high)
2026-08-25 03:53:39,011 - __main__ - ERROR - CURSOR_API_KEY missing – cannot analyse email
2026-08-25 03:53:39,012 - __main__ - INFO - Email from "Kleber Garcia AlcatrÃƒÂ£o @ Zion Tech Group" <kleber@ziontechgroup.com> flagged for human review (priority=high)
2026-08-25 03:53:39,063 - __main__ - ERROR - CURSOR_API_KEY missing – cannot analyse email
2026-08-25 03:53:39,064 - __main__ - INFO - Email from "Dooray!" <noreply@dooray.com> flagged for human review (priority=high)
2026-08-25 03:53:39,156 - __main__ - ERROR - CURSOR_API_KEY missing – cannot analyse email
2026-08-25 03:53:39,157 - __main__ - INFO - Email from "Dooray!" <noreply@dooray.com> flagged for human review (priority=high)
2026-08-25 03:53:39,208 - __main__ - ERROR - CURSOR_API_KEY missing – cannot analyse email
2026-08-25 03:53:39,209 - __main__ - INFO - Email from "Kleber Garcia AlcatrÃƒÂ£o @ Zion Tech Group" <kleber@ziontechgroup.com> flagged for human review (priority=high)
2026-08-25 03:53:39,261 - __main__ - ERROR - CURSOR_API_KEY missing – cannot analyse email
2026-08-25 03:53:39,261 - __main__ - INFO - Email from "Kleber Garcia AlcatrÃƒÂ£o @ Zion Tech Group" <kleber@ziontechgroup.com> flagged for human review (priority=high)
2026-08-25 03:53:39,314 - __main__ - ERROR - CURSOR_API_KEY missing – cannot analyse email
2026-08-25 03:53:39,314 - __main__ - INFO - Email from "Kleber Garcia AlcatrÃƒÂ£o @ Zion Tech Group" <kleber@ziontechgroup.com> flagged for human review (priority=high)
2026-08-25 03:53:39,367 - __main__ - ERROR - CURSOR_API_KEY missing – cannot analyse email
2026-08-25 03:53:39,367 - __main__ - INFO - Email from "Kleber Garcia AlcatrÃƒÂ£o @ Zion Tech Group" <kleber@ziontechgroup.com> flagged for human review (priority=high)
2026-08-25 03:53:39,420 - __main__ - ERROR - CURSOR_API_KEY missing – cannot analyse email
2026-08-25 03:53:39,420 - __main__ - INFO - Email from Kleber Garcia Alcatrao <notifications@github.com> flagged for human review (priority=high)
2026-08-25 03:53:39,473 - __main__ - ERROR - CURSOR_API_KEY missing – cannot analyse email
2026-08-25 03:53:39,473 - __main__ - INFO - Email from Agrius IT <marketing@agriusit.com> flagged for human review (priority=high)
2026-08-25 03:53:39,526 - __main__ - ERROR - CURSOR_API_KEY missing – cannot analyse email
2026-08-25 03:53:39,527 - __main__ - INFO - Email from "Kleber Garcia AlcatrÃƒÂ£o @ Zion Tech Group" <kleber@ziontechgroup.com> flagged for human review (priority=high)
2026-08-25 03:53:39,580 - __main__ - ERROR - CURSOR_API_KEY missing – cannot analyse email
2026-08-25 03:53:39,580 - __main__ - INFO - Email from "Dooray!" <noreply@dooray.com> flagged for human review (priority=high)
2026-08-25 03:53:39,632 - __main__ - ERROR - CURSOR_API_KEY missing – cannot analyse email
2026-08-25 03:53:39,633 - __main__ - INFO - Email from "Kleber Garcia AlcatrÃƒÂ£o @ Zion Tech Group" <kleber@ziontechgroup.com> flagged for human review (priority=high)
2026-08-25 03:55:15,161 - __main__ - WARNING - CURSOR_API_KEY not set – GPT‑4 calls will fail
2026-08-25 03:55:31,494 - __main__ - INFO - Fetched 20 unread emails
2026-08-25 03:55:31,495 - __main__ - ERROR - CURSOR_API_KEY missing – cannot analyse email
2026-08-25 03:55:31,495 - __main__ - INFO - Email from "github-actions[bot]" <notifications@github.com> flagged for human review (priority=high)
2026-08-25 03:55:31,548 - __main__ - ERROR - CURSOR_API_KEY missing – cannot analyse email
2026-08-25 03:55:31,548 - __main__ - INFO - Email from Kleber Garcia Alcatrao <notifications@github.com> flagged for human review (priority=high)
2026-08-25 03:55:31,601 - __main__ - ERROR - CURSOR_API_KEY missing – cannot analyse email
2026-08-25 03:55:31,602 - __main__ - INFO - Email from kleber@ziontechgroup.com flagged for human review (priority=high)
2026-08-25 03:55:31,656 - __main__ - ERROR - CURSOR_API_KEY missing – cannot analyse email
2026-08-25 03:55:31,656 - __main__ - INFO - Email from "Kleber Garcia AlcatrÃƒÂ£o @ Zion Tech Group" <kleber@ziontechgroup.com> flagged for human review (priority=high)
2026-08-25 03:55:31,709 - __main__ - ERROR - CURSOR_API_KEY missing – cannot analyse email
2026-08-25 03:55:31,709 - __main__ - INFO - Email from "Dooray!" <noreply@dooray.com> flagged for human review (priority=high)
2026-08-25 03:55:31,804 - __main__ - ERROR - CURSOR_API_KEY missing – cannot analyse email
2026-08-25 03:55:31,804 - __main__ - INFO - Email from "Kleber Garcia AlcatrÃƒÂ£o @ Zion Tech Group" <kleber@ziontechgroup.com> flagged for human review (priority=high)
2026-08-25 03:55:31,896 - __main__ - ERROR - CURSOR_API_KEY missing – cannot analyse email
2026-08-25 03:55:31,896 - __main__ - INFO - Email from "Kleber Garcia AlcatrÃƒÂ£o @ Zion Tech Group" <kleber@ziontechgroup.com> flagged for human review (priority=high)
2026-08-25 03:55:31,951 - __main__ - ERROR - CURSOR_API_KEY missing – cannot analyse email
2026-08-25 03:55:31,952 - __main__ - INFO - Email from "Kleber Garcia AlcatrÃƒÂ£o @ Zion Tech Group" <kleber@ziontechgroup.com> flagged for human review (priority=high)
2026-08-25 03:55:32,004 - __main__ - ERROR - CURSOR_API_KEY missing – cannot analyse email
2026-08-25 03:55:32,005 - __main__ - INFO - Email from "Kleber Garcia AlcatrÃƒÂ£o @ Zion Tech Group" <kleber@ziontechgroup.com> flagged for human review (priority=high)
2026-08-25 03:55:32,059 - __main__ - ERROR - CURSOR_API_KEY missing – cannot analyse email
2026-08-25 03:55:32,059 - __main__ - INFO - Email from "Dooray!" <noreply@dooray.com> flagged for human review (priority=high)
2026-08-25 03:55:32,112 - __main__ - ERROR - CURSOR_API_KEY missing – cannot analyse email
2026-08-25 03:55:32,113 - __main__ - INFO - Email from "Dooray!" <noreply@dooray.com> flagged for human review (priority=high)
2026-08-25 03:55:32,166 - __main__ - ERROR - CURSOR_API_KEY missing – cannot analyse email
2026-08-25 03:55:32,167 - __main__ - INFO - Email from "Kleber Garcia AlcatrÃƒÂ£o @ Zion Tech Group" <kleber@ziontechgroup.com> flagged for human review (priority=high)
2026-08-25 03:55:32,222 - __main__ - ERROR - CURSOR_API_KEY missing – cannot analyse email
2026-08-25 03:55:32,222 - __main__ - INFO - Email from "Kleber Garcia AlcatrÃƒÂ£o @ Zion Tech Group" <kleber@ziontechgroup.com> flagged for human review (priority=high)
2026-08-25 03:55:32,318 - __main__ - ERROR - CURSOR_API_KEY missing – cannot analyse email
2026-08-25 03:55:32,318 - __main__ - INFO - Email from "Kleber Garcia AlcatrÃƒÂ£o @ Zion Tech Group" <kleber@ziontechgroup.com> flagged for human review (priority=high)
2026-08-25 03:55:32,371 - __main__ - ERROR - CURSOR_API_KEY missing – cannot analyse email
2026-08-25 03:55:32,371 - __main__ - INFO - Email from "Kleber Garcia AlcatrÃƒÂ£o @ Zion Tech Group" <kleber@ziontechgroup.com> flagged for human review (priority=high)
2026-08-25 03:55:32,424 - __main__ - ERROR - CURSOR_API_KEY missing – cannot analyse email
2026-08-25 03:55:32,425 - __main__ - INFO - Email from Kleber Garcia Alcatrao <notifications@github.com> flagged for human review (priority=high)
2026-08-25 03:55:32,478 - __main__ - ERROR - CURSOR_API_KEY missing – cannot analyse email
2026-08-25 03:55:32,478 - __main__ - INFO - Email from Agrius IT <marketing@agriusit.com> flagged for human review (priority=high)
2026-08-25 03:55:32,532 - __main__ - ERROR - CURSOR_API_KEY missing – cannot analyse email
2026-08-25 03:55:32,532 - __main__ - INFO - Email from "Kleber Garcia AlcatrÃƒÂ£o @ Zion Tech Group" <kleber@ziontechgroup.com> flagged for human review (priority=high)
2026-08-25 03:55:32,586 - __main__ - ERROR - CURSOR_API_KEY missing – cannot analyse email
2026-08-25 03:55:32,587 - __main__ - INFO - Email from "Dooray!" <noreply@dooray.com> flagged for human review (priority=high)
2026-08-25 03:55:32,640 - __main__ - ERROR - CURSOR_API_KEY missing – cannot analyse email
2026-08-25 03:55:32,640 - __main__ - INFO - Email from "Kleber Garcia AlcatrÃƒÂ£o @ Zion Tech Group" <kleber@ziontechgroup.com> flagged for human review (priority=high)
2026-08-25 04:05:54,804 - __main__ - WARNING - CURSOR_API_KEY not set – GPT‑4 calls will fail
2026-08-25 04:06:10,690 - __main__ - INFO - Fetched 20 unread emails
2026-08-25 04:06:10,735 - __main__ - ERROR - CURSOR_API_KEY missing – cannot analyse email
2026-08-25 04:06:10,735 - __main__ - INFO - Email from "github-actions[bot]" <notifications@github.com> flagged for human review (priority=high)
2026-08-25 04:06:10,787 - __main__ - ERROR - CURSOR_API_KEY missing – cannot analyse email
2026-08-25 04:06:10,788 - __main__ - INFO - Email from Kleber Garcia Alcatrao <notifications@github.com> flagged for human review (priority=high)
2026-08-25 04:06:10,840 - __main__ - ERROR - CURSOR_API_KEY missing – cannot analyse email
2026-08-25 04:06:10,841 - __main__ - INFO - Email from Kleber Garcia Alcatrao <notifications@github.com> flagged for human review (priority=high)
2026-08-25 04:06:10,892 - __main__ - ERROR - CURSOR_API_KEY missing – cannot analyse email
2026-08-25 04:06:10,893 - __main__ - INFO - Email from Kleber Garcia Alcatrao <notifications@github.com> flagged for human review (priority=high)
2026-08-25 04:06:10,944 - __main__ - ERROR - CURSOR_API_KEY missing – cannot analyse email
2026-08-25 04:06:10,944 - __main__ - INFO - Email from "github-actions[bot]" <notifications@github.com> flagged for human review (priority=high)
2026-08-25 04:06:10,995 - __main__ - ERROR - CURSOR_API_KEY missing – cannot analyse email
2026-08-25 04:06:10,995 - __main__ - INFO - Email from Kleber Garcia Alcatrao <notifications@github.com> flagged for human review (priority=high)
2026-08-25 04:06:11,047 - __main__ - ERROR - CURSOR_API_KEY missing – cannot analyse email
2026-08-25 04:06:11,047 - __main__ - INFO - Email from kleber@ziontechgroup.com flagged for human review (priority=high)
2026-08-25 04:06:11,100 - __main__ - ERROR - CURSOR_API_KEY missing – cannot analyse email
2026-08-25 04:06:11,101 - __main__ - INFO - Email from "Kleber Garcia AlcatrÃƒÂ£o @ Zion Tech Group" <kleber@ziontechgroup.com> flagged for human review (priority=high)
2026-08-25 04:06:11,152 - __main__ - ERROR - CURSOR_API_KEY missing – cannot analyse email
2026-08-25 04:06:11,153 - __main__ - INFO - Email from "Dooray!" <noreply@dooray.com> flagged for human review (priority=high)
2026-08-25 04:06:11,206 - __main__ - ERROR - CURSOR_API_KEY missing – cannot analyse email
2026-08-25 04:06:11,207 - __main__ - INFO - Email from "Kleber Garcia AlcatrÃƒÂ£o @ Zion Tech Group" <kleber@ziontechgroup.com> flagged for human review (priority=high)
2026-08-25 04:06:11,259 - __main__ - ERROR - CURSOR_API_KEY missing – cannot analyse email
2026-08-25 04:06:11,260 - __main__ - INFO - Email from "Kleber Garcia AlcatrÃƒÂ£o @ Zion Tech Group" <kleber@ziontechgroup.com> flagged for human review (priority=high)
2026-08-25 04:06:11,313 - __main__ - ERROR - CURSOR_API_KEY missing – cannot analyse email
2026-08-25 04:06:11,314 - __main__ - INFO - Email from "Kleber Garcia AlcatrÃƒÂ£o @ Zion Tech Group" <kleber@ziontechgroup.com> flagged for human review (priority=high)
2026-08-25 04:06:11,366 - __main__ - ERROR - CURSOR_API_KEY missing – cannot analyse email
2026-08-25 04:06:11,366 - __main__ - INFO - Email from "Kleber Garcia AlcatrÃƒÂ£o @ Zion Tech Group" <kleber@ziontechgroup.com> flagged for human review (priority=high)
2026-08-25 04:06:11,419 - __main__ - ERROR - CURSOR_API_KEY missing – cannot analyse email
2026-08-25 04:06:11,419 - __main__ - INFO - Email from "Dooray!" <noreply@dooray.com> flagged for human review (priority=high)
2026-08-25 04:06:11,470 - __main__ - ERROR - CURSOR_API_KEY missing – cannot analyse email
2026-08-25 04:06:11,471 - __main__ - INFO - Email from "Dooray!" <noreply@dooray.com> flagged for human review (priority=high)
2026-08-25 04:06:11,522 - __main__ - ERROR - CURSOR_API_KEY missing – cannot analyse email
2026-08-25 04:06:11,523 - __main__ - INFO - Email from "Kleber Garcia AlcatrÃƒÂ£o @ Zion Tech Group" <kleber@ziontechgroup.com> flagged for human review (priority=high)
2026-08-25 04:06:11,574 - __main__ - ERROR - CURSOR_API_KEY missing – cannot analyse email
2026-08-25 04:06:11,575 - __main__ - INFO - Email from "Kleber Garcia AlcatrÃƒÂ£o @ Zion Tech Group" <kleber@ziontechgroup.com> flagged for human review (priority=high)
2026-08-25 04:06:11,625 - __main__ - ERROR - CURSOR_API_KEY missing – cannot analyse email
2026-08-25 04:06:11,626 - __main__ - INFO - Email from "Kleber Garcia AlcatrÃƒÂ£o @ Zion Tech Group" <kleber@ziontechgroup.com> flagged for human review (priority=high)
2026-08-25 04:06:11,678 - __main__ - ERROR - CURSOR_API_KEY missing – cannot analyse email
2026-08-25 04:06:11,678 - __main__ - INFO - Email from "Kleber Garcia AlcatrÃƒÂ£o @ Zion Tech Group" <kleber@ziontechgroup.com> flagged for human review (priority=high)
2026-08-25 04:06:11,730 - __main__ - ERROR - CURSOR_API_KEY missing – cannot analyse email
2026-08-25 04:06:11,731 - __main__ - INFO - Email from Kleber Garcia Alcatrao <notifications@github.com> flagged for human review (priority=high)
2026-08-25 04:12:47,348 - __main__ - WARNING - CURSOR_API_KEY not set – GPT‑4 calls will fail
2026-08-25 04:13:03,990 - __main__ - INFO - Fetched 20 unread emails
2026-08-25 04:13:03,991 - __main__ - ERROR - CURSOR_API_KEY missing – cannot analyse email
2026-08-25 04:13:03,991 - __main__ - INFO - Email from "Kleber Garcia AlcatrÃƒÂ£o @ Zion Tech Group" <kleber@ziontechgroup.com> flagged for human review (priority=high)
2026-08-25 04:13:04,044 - __main__ - ERROR - CURSOR_API_KEY missing – cannot analyse email
2026-08-25 04:13:04,044 - __main__ - INFO - Email from "Dooray!" <noreply@dooray.com> flagged for human review (priority=high)
2026-08-25 04:13:04,095 - __main__ - ERROR - CURSOR_API_KEY missing – cannot analyse email
2026-08-25 04:13:04,096 - __main__ - INFO - Email from "Kleber Garcia AlcatrÃƒÂ£o @ Zion Tech Group" <kleber@ziontechgroup.com> flagged for human review (priority=high)
2026-08-25 04:13:04,145 - __main__ - ERROR - CURSOR_API_KEY missing – cannot analyse email
2026-08-25 04:13:04,146 - __main__ - INFO - Email from "Kleber Garcia AlcatrÃƒÂ£o @ Zion Tech Group" <kleber@ziontechgroup.com> flagged for human review (priority=high)
2026-08-25 04:13:04,196 - __main__ - ERROR - CURSOR_API_KEY missing – cannot analyse email
2026-08-25 04:13:04,197 - __main__ - INFO - Email from Alibaba Cloud <newsletter-sg@newsletter.alibabacloud.com> flagged for human review (priority=high)
2026-08-25 04:13:04,247 - __main__ - ERROR - CURSOR_API_KEY missing – cannot analyse email
2026-08-25 04:13:04,247 - __main__ - INFO - Email from "github-actions[bot]" <notifications@github.com> flagged for human review (priority=high)
2026-08-25 04:13:04,298 - __main__ - ERROR - CURSOR_API_KEY missing – cannot analyse email
2026-08-25 04:13:04,298 - __main__ - INFO - Email from Kleber Garcia Alcatrao <notifications@github.com> flagged for human review (priority=high)
2026-08-25 04:13:04,349 - __main__ - ERROR - CURSOR_API_KEY missing – cannot analyse email
2026-08-25 04:13:04,349 - __main__ - INFO - Email from Kleber Garcia Alcatrao <notifications@github.com> flagged for human review (priority=high)
2026-08-25 04:13:04,401 - __main__ - ERROR - CURSOR_API_KEY missing – cannot analyse email
2026-08-25 04:13:04,402 - __main__ - INFO - Email from Kleber Garcia Alcatrao <notifications@github.com> flagged for human review (priority=high)
2026-08-25 04:13:04,453 - __main__ - ERROR - CURSOR_API_KEY missing – cannot analyse email
2026-08-25 04:13:04,453 - __main__ - INFO - Email from "github-actions[bot]" <notifications@github.com> flagged for human review (priority=high)
2026-08-25 04:13:04,505 - __main__ - ERROR - CURSOR_API_KEY missing – cannot analyse email
2026-08-25 04:13:04,505 - __main__ - INFO - Email from Kleber Garcia Alcatrao <notifications@github.com> flagged for human review (priority=high)
2026-08-25 04:13:04,557 - __main__ - ERROR - CURSOR_API_KEY missing – cannot analyse email
2026-08-25 04:13:04,558 - __main__ - INFO - Email from kleber@ziontechgroup.com flagged for human review (priority=high)
2026-08-25 04:13:04,608 - __main__ - ERROR - CURSOR_API_KEY missing – cannot analyse email
2026-08-25 04:13:04,609 - __main__ - INFO - Email from "Kleber Garcia AlcatrÃƒÂ£o @ Zion Tech Group" <kleber@ziontechgroup.com> flagged for human review (priority=high)
2026-08-25 04:13:04,659 - __main__ - ERROR - CURSOR_API_KEY missing – cannot analyse email
2026-08-25 04:13:04,659 - __main__ - INFO - Email from "Dooray!" <noreply@dooray.com> flagged for human review (priority=high)
2026-08-25 04:13:04,710 - __main__ - ERROR - CURSOR_API_KEY missing – cannot analyse email
2026-08-25 04:13:04,711 - __main__ - INFO - Email from "Kleber Garcia AlcatrÃƒÂ£o @ Zion Tech Group" <kleber@ziontechgroup.com> flagged for human review (priority=high)
2026-08-25 04:13:04,762 - __main__ - ERROR - CURSOR_API_KEY missing – cannot analyse email
2026-08-25 04:13:04,762 - __main__ - INFO - Email from "Kleber Garcia AlcatrÃƒÂ£o @ Zion Tech Group" <kleber@ziontechgroup.com> flagged for human review (priority=high)
2026-08-25 04:13:04,815 - __main__ - ERROR - CURSOR_API_KEY missing – cannot analyse email
2026-08-25 04:13:04,816 - __main__ - INFO - Email from "Kleber Garcia AlcatrÃƒÂ£o @ Zion Tech Group" <kleber@ziontechgroup.com> flagged for human review (priority=high)
2026-08-25 04:13:04,867 - __main__ - ERROR - CURSOR_API_KEY missing – cannot analyse email
2026-08-25 04:13:04,868 - __main__ - INFO - Email from "Kleber Garcia AlcatrÃƒÂ£o @ Zion Tech Group" <kleber@ziontechgroup.com> flagged for human review (priority=high)
2026-08-25 04:13:04,919 - __main__ - ERROR - CURSOR_API_KEY missing – cannot analyse email
2026-08-25 04:13:04,920 - __main__ - INFO - Email from "Dooray!" <noreply@dooray.com> flagged for human review (priority=high)
2026-08-25 04:13:04,971 - __main__ - ERROR - CURSOR_API_KEY missing – cannot analyse email
2026-08-25 04:13:04,972 - __main__ - INFO - Email from "Dooray!" <noreply@dooray.com> flagged for human review (priority=high)
2026-08-25 04:15:57,657 - __main__ - WARNING - CURSOR_API_KEY not set – GPT‑4 calls will fail
2026-08-25 04:16:14,151 - __main__ - INFO - Fetched 20 unread emails
2026-08-25 04:16:14,152 - __main__ - ERROR - CURSOR_API_KEY missing – cannot analyse email
2026-08-25 04:16:14,152 - __main__ - INFO - Email from Kleber Garcia Alcatrao <notifications@github.com> flagged for human review (priority=high)
2026-08-25 04:16:14,204 - __main__ - ERROR - CURSOR_API_KEY missing – cannot analyse email
2026-08-25 04:16:14,205 - __main__ - INFO - Email from Kleber Garcia Alcatrao <notifications@github.com> flagged for human review (priority=high)
2026-08-25 04:16:14,257 - __main__ - ERROR - CURSOR_API_KEY missing – cannot analyse email
2026-08-25 04:16:14,257 - __main__ - INFO - Email from Kleber Garcia Alcatrao <notifications@github.com> flagged for human review (priority=high)
2026-08-25 04:16:14,308 - __main__ - ERROR - CURSOR_API_KEY missing – cannot analyse email
2026-08-25 04:16:14,308 - __main__ - INFO - Email from Kleber Garcia Alcatrao <notifications@github.com> flagged for human review (priority=high)
2026-08-25 04:16:14,358 - __main__ - ERROR - CURSOR_API_KEY missing – cannot analyse email
2026-08-25 04:16:14,359 - __main__ - INFO - Email from Kleber Garcia Alcatrao <notifications@github.com> flagged for human review (priority=high)
2026-08-25 04:16:14,408 - __main__ - ERROR - CURSOR_API_KEY missing – cannot analyse email
2026-08-25 04:16:14,408 - __main__ - INFO - Email from "Kleber Garcia AlcatrÃƒÂ£o @ Zion Tech Group" <kleber@ziontechgroup.com> flagged for human review (priority=high)
2026-08-25 04:16:14,459 - __main__ - ERROR - CURSOR_API_KEY missing – cannot analyse email
2026-08-25 04:16:14,459 - __main__ - INFO - Email from Kleber Garcia Alcatrao <notifications@github.com> flagged for human review (priority=high)
2026-08-25 04:16:14,509 - __main__ - ERROR - CURSOR_API_KEY missing – cannot analyse email
2026-08-25 04:16:14,510 - __main__ - INFO - Email from Kleber Garcia Alcatrao <notifications@github.com> flagged for human review (priority=high)
2026-08-25 04:16:14,560 - __main__ - ERROR - CURSOR_API_KEY missing – cannot analyse email
2026-08-25 04:16:14,561 - __main__ - INFO - Email from Kleber Garcia Alcatrao <notifications@github.com> flagged for human review (priority=high)
2026-08-25 04:16:14,611 - __main__ - ERROR - CURSOR_API_KEY missing – cannot analyse email
2026-08-25 04:16:14,612 - __main__ - INFO - Email from "github-actions[bot]" <notifications@github.com> flagged for human review (priority=high)
2026-08-25 04:16:14,661 - __main__ - ERROR - CURSOR_API_KEY missing – cannot analyse email
2026-08-25 04:16:14,661 - __main__ - INFO - Email from Kleber Garcia Alcatrao <notifications@github.com> flagged for human review (priority=high)
2026-08-25 04:16:14,713 - __main__ - ERROR - CURSOR_API_KEY missing – cannot analyse email
2026-08-25 04:16:14,713 - __main__ - INFO - Email from Kleber Garcia Alcatrao <notifications@github.com> flagged for human review (priority=high)
2026-08-25 04:16:14,764 - __main__ - ERROR - CURSOR_API_KEY missing – cannot analyse email
2026-08-25 04:16:14,764 - __main__ - INFO - Email from Kleber Garcia Alcatrao <notifications@github.com> flagged for human review (priority=high)
2026-08-25 04:16:14,815 - __main__ - ERROR - CURSOR_API_KEY missing – cannot analyse email
2026-08-25 04:16:14,815 - __main__ - INFO - Email from Kleber Garcia Alcatrao <notifications@github.com> flagged for human review (priority=high)
2026-08-25 04:16:14,865 - __main__ - ERROR - CURSOR_API_KEY missing – cannot analyse email
2026-08-25 04:16:14,865 - __main__ - INFO - Email from Kleber Garcia Alcatrao <notifications@github.com> flagged for human review (priority=high)
2026-08-25 04:16:14,918 - __main__ - ERROR - CURSOR_API_KEY missing – cannot analyse email
2026-08-25 04:16:14,918 - __main__ - INFO - Email from Kleber Garcia Alcatrao <notifications@github.com> flagged for human review (priority=high)
2026-08-25 04:16:14,971 - __main__ - ERROR - CURSOR_API_KEY missing – cannot analyse email
2026-08-25 04:16:14,972 - __main__ - INFO - Email from Kleber Garcia Alcatrao <notifications@github.com> flagged for human review (priority=high)
2026-08-25 04:16:15,024 - __main__ - ERROR - CURSOR_API_KEY missing – cannot analyse email
2026-08-25 04:16:15,024 - __main__ - INFO - Email from Kleber Garcia Alcatrao <notifications@github.com> flagged for human review (priority=high)
2026-08-25 04:16:15,076 - __main__ - ERROR - CURSOR_API_KEY missing – cannot analyse email
2026-08-25 04:16:15,077 - __main__ - INFO - Email from Kleber Garcia Alcatrao <notifications@github.com> flagged for human review (priority=high)
2026-08-25 04:16:15,129 - __main__ - ERROR - CURSOR_API_KEY missing – cannot analyse email
2026-08-25 04:16:15,129 - __main__ - INFO - Email from Kleber Garcia Alcatrao <notifications@github.com> flagged for human review (priority=high)
2026-08-25 04:20:32,831 - __main__ - WARNING - CURSOR_API_KEY not set – GPT‑4 calls will fail
2026-08-25 04:20:50,554 - __main__ - INFO - Fetched 20 unread emails
2026-08-25 04:20:50,555 - __main__ - ERROR - CURSOR_API_KEY missing – cannot analyse email
2026-08-25 04:20:50,555 - __main__ - INFO - Email from Kleber Garcia Alcatrao <notifications@github.com> flagged for human review (priority=high)
2026-08-25 04:20:50,608 - __main__ - ERROR - CURSOR_API_KEY missing – cannot analyse email
2026-08-25 04:20:50,608 - __main__ - INFO - Email from Kleber Garcia Alcatrao <notifications@github.com> flagged for human review (priority=high)
2026-08-25 04:20:50,659 - __main__ - ERROR - CURSOR_API_KEY missing – cannot analyse email
2026-08-25 04:20:50,660 - __main__ - INFO - Email from Kleber Garcia Alcatrao <notifications@github.com> flagged for human review (priority=high)
2026-08-25 04:20:50,711 - __main__ - ERROR - CURSOR_API_KEY missing – cannot analyse email
2026-08-25 04:20:50,712 - __main__ - INFO - Email from Kleber Garcia Alcatrao <notifications@github.com> flagged for human review (priority=high)
2026-08-25 04:20:50,762 - __main__ - ERROR - CURSOR_API_KEY missing – cannot analyse email
2026-08-25 04:20:50,763 - __main__ - INFO - Email from Kleber Garcia Alcatrao <notifications@github.com> flagged for human review (priority=high)
2026-08-25 04:20:50,813 - __main__ - ERROR - CURSOR_API_KEY missing – cannot analyse email
2026-08-25 04:20:50,814 - __main__ - INFO - Email from Kleber Garcia Alcatrao <notifications@github.com> flagged for human review (priority=high)
2026-08-25 04:20:50,865 - __main__ - ERROR - CURSOR_API_KEY missing – cannot analyse email
2026-08-25 04:20:50,865 - __main__ - INFO - Email from Kleber Garcia Alcatrao <notifications@github.com> flagged for human review (priority=high)
2026-08-25 04:20:50,916 - __main__ - ERROR - CURSOR_API_KEY missing – cannot analyse email
2026-08-25 04:20:50,917 - __main__ - INFO - Email from "github-actions[bot]" <notifications@github.com> flagged for human review (priority=high)
2026-08-25 04:20:50,967 - __main__ - ERROR - CURSOR_API_KEY missing – cannot analyse email
2026-08-25 04:20:50,968 - __main__ - INFO - Email from Kleber Garcia Alcatrao <notifications@github.com> flagged for human review (priority=high)
2026-08-25 04:20:51,018 - __main__ - ERROR - CURSOR_API_KEY missing – cannot analyse email
2026-08-25 04:20:51,019 - __main__ - INFO - Email from Kleber Garcia Alcatrao <notifications@github.com> flagged for human review (priority=high)
2026-08-25 04:20:51,069 - __main__ - ERROR - CURSOR_API_KEY missing – cannot analyse email
2026-08-25 04:20:51,069 - __main__ - INFO - Email from Kleber Garcia Alcatrao <notifications@github.com> flagged for human review (priority=high)
2026-08-25 04:20:51,120 - __main__ - ERROR - CURSOR_API_KEY missing – cannot analyse email
2026-08-25 04:20:51,121 - __main__ - INFO - Email from Kleber Garcia Alcatrao <notifications@github.com> flagged for human review (priority=high)
2026-08-25 04:20:51,170 - __main__ - ERROR - CURSOR_API_KEY missing – cannot analyse email
2026-08-25 04:20:51,171 - __main__ - INFO - Email from Kleber Garcia Alcatrao <notifications@github.com> flagged for human review (priority=high)
2026-08-25 04:20:51,221 - __main__ - ERROR - CURSOR_API_KEY missing – cannot analyse email
2026-08-25 04:20:51,222 - __main__ - INFO - Email from Kleber Garcia Alcatrao <notifications@github.com> flagged for human review (priority=high)
2026-08-25 04:20:51,272 - __main__ - ERROR - CURSOR_API_KEY missing – cannot analyse email
2026-08-25 04:20:51,272 - __main__ - INFO - Email from Kleber Garcia Alcatrao <notifications@github.com> flagged for human review (priority=high)
2026-08-25 04:20:51,325 - __main__ - ERROR - CURSOR_API_KEY missing – cannot analyse email
2026-08-25 04:20:51,325 - __main__ - INFO - Email from Kleber Garcia Alcatrao <notifications@github.com> flagged for human review (priority=high)
2026-08-25 04:20:51,375 - __main__ - ERROR - CURSOR_API_KEY missing – cannot analyse email
2026-08-25 04:20:51,376 - __main__ - INFO - Email from Kleber Garcia Alcatrao <notifications@github.com> flagged for human review (priority=high)
2026-08-25 04:20:51,425 - __main__ - ERROR - CURSOR_API_KEY missing – cannot analyse email
2026-08-25 04:20:51,426 - __main__ - INFO - Email from Kleber Garcia Alcatrao <notifications@github.com> flagged for human review (priority=high)
2026-08-25 04:20:51,517 - __main__ - ERROR - CURSOR_API_KEY missing – cannot analyse email
2026-08-25 04:20:51,517 - __main__ - INFO - Email from Kleber Garcia Alcatrao <notifications@github.com> flagged for human review (priority=high)
2026-08-25 04:20:51,568 - __main__ - ERROR - CURSOR_API_KEY missing – cannot analyse email
2026-08-25 04:20:51,568 - __main__ - INFO - Email from Kleber Garcia Alcatrao <notifications@github.com> flagged for human review (priority=high)
2026-08-25 04:23:23,328 - __main__ - WARNING - CURSOR_API_KEY not set – GPT‑4 calls will fail
2026-08-25 04:23:40,591 - __main__ - INFO - Fetched 20 unread emails
2026-08-25 04:23:40,592 - __main__ - ERROR - CURSOR_API_KEY missing – cannot analyse email
2026-08-25 04:23:40,592 - __main__ - INFO - Email from Kleber Garcia Alcatrao <notifications@github.com> flagged for human review (priority=high)
2026-08-25 04:23:40,644 - __main__ - ERROR - CURSOR_API_KEY missing – cannot analyse email
2026-08-25 04:23:40,645 - __main__ - INFO - Email from Kleber Garcia Alcatrao <notifications@github.com> flagged for human review (priority=high)
2026-08-25 04:23:40,695 - __main__ - ERROR - CURSOR_API_KEY missing – cannot analyse email
2026-08-25 04:23:40,696 - __main__ - INFO - Email from Kleber Garcia Alcatrao <notifications@github.com> flagged for human review (priority=high)
2026-08-25 04:23:40,747 - __main__ - ERROR - CURSOR_API_KEY missing – cannot analyse email
2026-08-25 04:23:40,747 - __main__ - INFO - Email from Kleber Garcia Alcatrao <notifications@github.com> flagged for human review (priority=high)
2026-08-25 04:23:40,799 - __main__ - ERROR - CURSOR_API_KEY missing – cannot analyse email
2026-08-25 04:23:40,800 - __main__ - INFO - Email from Kleber Garcia Alcatrao <notifications@github.com> flagged for human review (priority=high)
2026-08-25 04:23:40,851 - __main__ - ERROR - CURSOR_API_KEY missing – cannot analyse email
2026-08-25 04:23:40,851 - __main__ - INFO - Email from Kleber Garcia Alcatrao <notifications@github.com> flagged for human review (priority=high)
2026-08-25 04:23:40,903 - __main__ - ERROR - CURSOR_API_KEY missing – cannot analyse email
2026-08-25 04:23:40,903 - __main__ - INFO - Email from Kleber Garcia Alcatrao <notifications@github.com> flagged for human review (priority=high)
2026-08-25 04:23:40,953 - __main__ - ERROR - CURSOR_API_KEY missing – cannot analyse email
2026-08-25 04:23:40,953 - __main__ - INFO - Email from "github-actions[bot]" <notifications@github.com> flagged for human review (priority=high)
2026-08-25 04:23:41,004 - __main__ - ERROR - CURSOR_API_KEY missing – cannot analyse email
2026-08-25 04:23:41,004 - __main__ - INFO - Email from Kleber Garcia Alcatrao <notifications@github.com> flagged for human review (priority=high)
2026-08-25 04:23:41,055 - __main__ - ERROR - CURSOR_API_KEY missing – cannot analyse email
2026-08-25 04:23:41,055 - __main__ - INFO - Email from Kleber Garcia Alcatrao <notifications@github.com> flagged for human review (priority=high)
2026-08-25 04:23:41,106 - __main__ - ERROR - CURSOR_API_KEY missing – cannot analyse email
2026-08-25 04:23:41,107 - __main__ - INFO - Email from Kleber Garcia Alcatrao <notifications@github.com> flagged for human review (priority=high)
2026-08-25 04:23:41,158 - __main__ - ERROR - CURSOR_API_KEY missing – cannot analyse email
2026-08-25 04:23:41,159 - __main__ - INFO - Email from Kleber Garcia Alcatrao <notifications@github.com> flagged for human review (priority=high)
2026-08-25 04:23:41,209 - __main__ - ERROR - CURSOR_API_KEY missing – cannot analyse email
2026-08-25 04:23:41,209 - __main__ - INFO - Email from Kleber Garcia Alcatrao <notifications@github.com> flagged for human review (priority=high)
2026-08-25 04:23:41,263 - __main__ - ERROR - CURSOR_API_KEY missing – cannot analyse email
2026-08-25 04:23:41,263 - __main__ - INFO - Email from Kleber Garcia Alcatrao <notifications@github.com> flagged for human review (priority=high)
2026-08-25 04:23:41,316 - __main__ - ERROR - CURSOR_API_KEY missing – cannot analyse email
2026-08-25 04:23:41,316 - __main__ - INFO - Email from Kleber Garcia Alcatrao <notifications@github.com> flagged for human review (priority=high)
2026-08-25 04:23:41,368 - __main__ - ERROR - CURSOR_API_KEY missing – cannot analyse email
2026-08-25 04:23:41,368 - __main__ - INFO - Email from Kleber Garcia Alcatrao <notifications@github.com> flagged for human review (priority=high)
2026-08-25 04:23:41,419 - __main__ - ERROR - CURSOR_API_KEY missing – cannot analyse email
2026-08-25 04:23:41,419 - __main__ - INFO - Email from Kleber Garcia Alcatrao <notifications@github.com> flagged for human review (priority=high)
2026-08-25 04:23:41,470 - __main__ - ERROR - CURSOR_API_KEY missing – cannot analyse email
2026-08-25 04:23:41,471 - __main__ - INFO - Email from Kleber Garcia Alcatrao <notifications@github.com> flagged for human review (priority=high)
2026-08-25 04:23:41,522 - __main__ - ERROR - CURSOR_API_KEY missing – cannot analyse email
2026-08-25 04:23:41,523 - __main__ - INFO - Email from Kleber Garcia Alcatrao <notifications@github.com> flagged for human review (priority=high)
2026-08-25 04:23:41,573 - __main__ - ERROR - CURSOR_API_KEY missing – cannot analyse email
2026-08-25 04:23:41,573 - __main__ - INFO - Email from Kleber Garcia Alcatrao <notifications@github.com> flagged for human review (priority=high)
2026-08-25 04:32:00,385 - __main__ - WARNING - CURSOR_API_KEY not set – GPT‑4 calls will fail
2026-08-25 04:32:17,837 - __main__ - INFO - Fetched 20 unread emails
2026-08-25 04:32:17,838 - __main__ - ERROR - CURSOR_API_KEY missing – cannot analyse email
2026-08-25 04:32:17,839 - __main__ - INFO - Email from Kleber Garcia Alcatrao <notifications@github.com> flagged for human review (priority=high)
2026-08-25 04:32:17,889 - __main__ - ERROR - CURSOR_API_KEY missing – cannot analyse email
2026-08-25 04:32:17,890 - __main__ - INFO - Email from Kleber Garcia Alcatrao <notifications@github.com> flagged for human review (priority=high)
2026-08-25 04:32:17,941 - __main__ - ERROR - CURSOR_API_KEY missing – cannot analyse email
2026-08-25 04:32:17,941 - __main__ - INFO - Email from Kleber Garcia Alcatrao <notifications@github.com> flagged for human review (priority=high)
2026-08-25 04:32:17,992 - __main__ - ERROR - CURSOR_API_KEY missing – cannot analyse email
2026-08-25 04:32:17,993 - __main__ - INFO - Email from Kleber Garcia Alcatrao <notifications@github.com> flagged for human review (priority=high)
2026-08-25 04:32:18,043 - __main__ - ERROR - CURSOR_API_KEY missing – cannot analyse email
2026-08-25 04:32:18,043 - __main__ - INFO - Email from "Dooray!" <noreply@dooray.com> flagged for human review (priority=high)
2026-08-25 04:32:18,135 - __main__ - ERROR - CURSOR_API_KEY missing – cannot analyse email
2026-08-25 04:32:18,135 - __main__ - INFO - Email from "Kleber Garcia AlcatrÃƒÂ£o @ Zion Tech Group" <kleber@ziontechgroup.com> flagged for human review (priority=high)
2026-08-25 04:32:18,187 - __main__ - ERROR - CURSOR_API_KEY missing – cannot analyse email
2026-08-25 04:32:18,187 - __main__ - INFO - Email from Kleber Garcia Alcatrao <notifications@github.com> flagged for human review (priority=high)
2026-08-25 04:32:18,238 - __main__ - ERROR - CURSOR_API_KEY missing – cannot analyse email
2026-08-25 04:32:18,239 - __main__ - INFO - Email from Kleber Garcia Alcatrao <notifications@github.com> flagged for human review (priority=high)
2026-08-25 04:32:18,289 - __main__ - ERROR - CURSOR_API_KEY missing – cannot analyse email
2026-08-25 04:32:18,290 - __main__ - INFO - Email from "Kleber Garcia AlcatrÃƒÂ£o @ Zion Tech Group" <kleber@ziontechgroup.com> flagged for human review (priority=high)
2026-08-25 04:32:18,340 - __main__ - ERROR - CURSOR_API_KEY missing – cannot analyse email
2026-08-25 04:32:18,341 - __main__ - INFO - Email from Kleber Garcia Alcatrao <notifications@github.com> flagged for human review (priority=high)
2026-08-25 04:32:18,391 - __main__ - ERROR - CURSOR_API_KEY missing – cannot analyse email
2026-08-25 04:32:18,392 - __main__ - INFO - Email from "Kleber Garcia AlcatrÃƒÂ£o @ Zion Tech Group" <kleber@ziontechgroup.com> flagged for human review (priority=high)
2026-08-25 04:32:18,443 - __main__ - ERROR - CURSOR_API_KEY missing – cannot analyse email
2026-08-25 04:32:18,443 - __main__ - INFO - Email from Kleber Garcia Alcatrao <notifications@github.com> flagged for human review (priority=high)
2026-08-25 04:32:18,494 - __main__ - ERROR - CURSOR_API_KEY missing – cannot analyse email
2026-08-25 04:32:18,495 - __main__ - INFO - Email from Kleber Garcia Alcatrao <notifications@github.com> flagged for human review (priority=high)
2026-08-25 04:32:18,547 - __main__ - ERROR - CURSOR_API_KEY missing – cannot analyse email
2026-08-25 04:32:18,548 - __main__ - INFO - Email from "Kleber Garcia AlcatrÃƒÂ£o @ Zion Tech Group" <kleber@ziontechgroup.com> flagged for human review (priority=high)
2026-08-25 04:32:18,598 - __main__ - ERROR - CURSOR_API_KEY missing – cannot analyse email
2026-08-25 04:32:18,599 - __main__ - INFO - Email from Kleber Garcia Alcatrao <notifications@github.com> flagged for human review (priority=high)
2026-08-25 04:32:18,648 - __main__ - ERROR - CURSOR_API_KEY missing – cannot analyse email
2026-08-25 04:32:18,649 - __main__ - INFO - Email from "Dooray!" <noreply@dooray.com> flagged for human review (priority=high)
2026-08-25 04:32:18,700 - __main__ - ERROR - CURSOR_API_KEY missing – cannot analyse email
2026-08-25 04:32:18,700 - __main__ - INFO - Email from "Kleber Garcia AlcatrÃƒÂ£o @ Zion Tech Group" <kleber@ziontechgroup.com> flagged for human review (priority=high)
2026-08-25 04:32:18,751 - __main__ - ERROR - CURSOR_API_KEY missing – cannot analyse email
2026-08-25 04:32:18,752 - __main__ - INFO - Email from Kleber Garcia Alcatrao <notifications@github.com> flagged for human review (priority=high)
2026-08-25 04:32:18,803 - __main__ - ERROR - CURSOR_API_KEY missing – cannot analyse email
2026-08-25 04:32:18,804 - __main__ - INFO - Email from "Kleber Garcia AlcatrÃƒÂ£o @ Zion Tech Group" <kleber@ziontechgroup.com> flagged for human review (priority=high)
2026-08-25 04:32:18,856 - __main__ - ERROR - CURSOR_API_KEY missing – cannot analyse email
2026-08-25 04:32:18,857 - __main__ - INFO - Email from Kleber Garcia Alcatrao <notifications@github.com> flagged for human review (priority=high)
2026-08-25 04:43:28,987 - __main__ - WARNING - CURSOR_API_KEY not set – GPT‑4 calls will fail
2026-08-25 04:43:46,432 - __main__ - INFO - Fetched 20 unread emails
2026-08-25 04:43:46,433 - __main__ - ERROR - CURSOR_API_KEY missing – cannot analyse email
2026-08-25 04:43:46,433 - __main__ - INFO - Email from "Kleber Garcia AlcatrÃƒÂ£o @ Zion Tech Group" <kleber@ziontechgroup.com> flagged for human review (priority=high)
2026-08-25 04:43:46,485 - __main__ - ERROR - CURSOR_API_KEY missing – cannot analyse email
2026-08-25 04:43:46,485 - __main__ - INFO - Email from Kleber Garcia Alcatrao <notifications@github.com> flagged for human review (priority=high)
2026-08-25 04:43:46,536 - __main__ - ERROR - CURSOR_API_KEY missing – cannot analyse email
2026-08-25 04:43:46,537 - __main__ - INFO - Email from Kleber Garcia Alcatrao <notifications@github.com> flagged for human review (priority=high)
2026-08-25 04:43:46,588 - __main__ - ERROR - CURSOR_API_KEY missing – cannot analyse email
2026-08-25 04:43:46,589 - __main__ - INFO - Email from Kleber Garcia Alcatrao <notifications@github.com> flagged for human review (priority=high)
2026-08-25 04:43:46,640 - __main__ - ERROR - CURSOR_API_KEY missing – cannot analyse email
2026-08-25 04:43:46,641 - __main__ - INFO - Email from "github-actions[bot]" <notifications@github.com> flagged for human review (priority=high)
2026-08-25 04:43:46,692 - __main__ - ERROR - CURSOR_API_KEY missing – cannot analyse email
2026-08-25 04:43:46,693 - __main__ - INFO - Email from Kleber Garcia Alcatrao <notifications@github.com> flagged for human review (priority=high)
2026-08-25 04:43:46,745 - __main__ - ERROR - CURSOR_API_KEY missing – cannot analyse email
2026-08-25 04:43:46,745 - __main__ - INFO - Email from Kleber Garcia Alcatrao <notifications@github.com> flagged for human review (priority=high)
2026-08-25 04:43:46,797 - __main__ - ERROR - CURSOR_API_KEY missing – cannot analyse email
2026-08-25 04:43:46,798 - __main__ - INFO - Email from "Kleber Garcia AlcatrÃƒÂ£o @ Zion Tech Group" <kleber@ziontechgroup.com> flagged for human review (priority=high)
2026-08-25 04:43:46,851 - __main__ - ERROR - CURSOR_API_KEY missing – cannot analyse email
2026-08-25 04:43:46,851 - __main__ - INFO - Email from "Kleber Garcia AlcatrÃƒÂ£o @ Zion Tech Group" <kleber@ziontechgroup.com> flagged for human review (priority=high)
2026-08-25 04:43:46,904 - __main__ - ERROR - CURSOR_API_KEY missing – cannot analyse email
2026-08-25 04:43:46,905 - __main__ - INFO - Email from "Dooray!" <noreply@dooray.com> flagged for human review (priority=high)
2026-08-25 04:43:46,956 - __main__ - ERROR - CURSOR_API_KEY missing – cannot analyse email
2026-08-25 04:43:46,957 - __main__ - INFO - Email from "Kleber Garcia AlcatrÃƒÂ£o @ Zion Tech Group" <kleber@ziontechgroup.com> flagged for human review (priority=high)
2026-08-25 04:43:47,009 - __main__ - ERROR - CURSOR_API_KEY missing – cannot analyse email
2026-08-25 04:43:47,009 - __main__ - INFO - Email from Kleber Garcia Alcatrao <notifications@github.com> flagged for human review (priority=high)
2026-08-25 04:43:47,062 - __main__ - ERROR - CURSOR_API_KEY missing – cannot analyse email
2026-08-25 04:43:47,062 - __main__ - INFO - Email from "Kleber Garcia AlcatrÃƒÂ£o @ Zion Tech Group" <kleber@ziontechgroup.com> flagged for human review (priority=high)
2026-08-25 04:43:47,114 - __main__ - ERROR - CURSOR_API_KEY missing – cannot analyse email
2026-08-25 04:43:47,114 - __main__ - INFO - Email from Kleber Garcia Alcatrao <notifications@github.com> flagged for human review (priority=high)
2026-08-25 04:43:47,166 - __main__ - ERROR - CURSOR_API_KEY missing – cannot analyse email
2026-08-25 04:43:47,166 - __main__ - INFO - Email from Kleber Garcia Alcatrao <notifications@github.com> flagged for human review (priority=high)
2026-08-25 04:43:47,219 - __main__ - ERROR - CURSOR_API_KEY missing – cannot analyse email
2026-08-25 04:43:47,219 - __main__ - INFO - Email from Kleber Garcia Alcatrao <notifications@github.com> flagged for human review (priority=high)
2026-08-25 04:43:47,272 - __main__ - ERROR - CURSOR_API_KEY missing – cannot analyse email
2026-08-25 04:43:47,272 - __main__ - INFO - Email from Kleber Garcia Alcatrao <notifications@github.com> flagged for human review (priority=high)
2026-08-25 04:43:47,325 - __main__ - ERROR - CURSOR_API_KEY missing – cannot analyse email
2026-08-25 04:43:47,325 - __main__ - INFO - Email from Kleber Garcia Alcatrao <notifications@github.com> flagged for human review (priority=high)
2026-08-25 04:43:47,377 - __main__ - ERROR - CURSOR_API_KEY missing – cannot analyse email
2026-08-25 04:43:47,377 - __main__ - INFO - Email from Kleber Garcia Alcatrao <notifications@github.com> flagged for human review (priority=high)
2026-08-25 04:43:47,431 - __main__ - ERROR - CURSOR_API_KEY missing – cannot analyse email
2026-08-25 04:43:47,431 - __main__ - INFO - Email from "Dooray!" <noreply@dooray.com> flagged for human review (priority=high)
2026-08-25 04:52:35,170 - __main__ - WARNING - CURSOR_API_KEY not set – GPT‑4 calls will fail
2026-08-25 04:52:52,403 - __main__ - INFO - Fetched 20 unread emails
2026-08-25 04:52:52,403 - __main__ - ERROR - CURSOR_API_KEY missing – cannot analyse email
2026-08-25 04:52:52,404 - __main__ - INFO - Email from Kleber Garcia Alcatrao <notifications@github.com> flagged for human review (priority=high)
2026-08-25 04:52:52,455 - __main__ - ERROR - CURSOR_API_KEY missing – cannot analyse email
2026-08-25 04:52:52,456 - __main__ - INFO - Email from Kleber Garcia Alcatrao <notifications@github.com> flagged for human review (priority=high)
2026-08-25 04:52:52,505 - __main__ - ERROR - CURSOR_API_KEY missing – cannot analyse email
2026-08-25 04:52:52,506 - __main__ - INFO - Email from Kleber Garcia Alcatrao <notifications@github.com> flagged for human review (priority=high)
2026-08-25 04:52:52,557 - __main__ - ERROR - CURSOR_API_KEY missing – cannot analyse email
2026-08-25 04:52:52,557 - __main__ - INFO - Email from Kleber Garcia Alcatrao <notifications@github.com> flagged for human review (priority=high)
2026-08-25 04:52:52,607 - __main__ - ERROR - CURSOR_API_KEY missing – cannot analyse email
2026-08-25 04:52:52,607 - __main__ - INFO - Email from Kleber Garcia Alcatrao <notifications@github.com> flagged for human review (priority=high)
2026-08-25 04:52:52,657 - __main__ - ERROR - CURSOR_API_KEY missing – cannot analyse email
2026-08-25 04:52:52,658 - __main__ - INFO - Email from Kleber Garcia Alcatrao <notifications@github.com> flagged for human review (priority=high)
2026-08-25 04:52:52,708 - __main__ - ERROR - CURSOR_API_KEY missing – cannot analyse email
2026-08-25 04:52:52,709 - __main__ - INFO - Email from Kleber Garcia Alcatrao <notifications@github.com> flagged for human review (priority=high)
2026-08-25 04:52:52,761 - __main__ - ERROR - CURSOR_API_KEY missing – cannot analyse email
2026-08-25 04:52:52,761 - __main__ - INFO - Email from Kleber Garcia Alcatrao <notifications@github.com> flagged for human review (priority=high)
2026-08-25 04:52:52,811 - __main__ - ERROR - CURSOR_API_KEY missing – cannot analyse email
2026-08-25 04:52:52,811 - __main__ - INFO - Email from Kleber Garcia Alcatrao <notifications@github.com> flagged for human review (priority=high)
2026-08-25 04:52:52,861 - __main__ - ERROR - CURSOR_API_KEY missing – cannot analyse email
2026-08-25 04:52:52,862 - __main__ - INFO - Email from "Kleber Garcia AlcatrÃƒÂ£o @ Zion Tech Group" <kleber@ziontechgroup.com> flagged for human review (priority=high)
2026-08-25 04:52:52,912 - __main__ - ERROR - CURSOR_API_KEY missing – cannot analyse email
2026-08-25 04:52:52,912 - __main__ - INFO - Email from Kleber Garcia Alcatrao <notifications@github.com> flagged for human review (priority=high)
2026-08-25 04:52:52,964 - __main__ - ERROR - CURSOR_API_KEY missing – cannot analyse email
2026-08-25 04:52:52,964 - __main__ - INFO - Email from Kleber Garcia Alcatrao <notifications@github.com> flagged for human review (priority=high)
2026-08-25 04:52:53,017 - __main__ - ERROR - CURSOR_API_KEY missing – cannot analyse email
2026-08-25 04:52:53,018 - __main__ - INFO - Email from Kleber Garcia Alcatrao <notifications@github.com> flagged for human review (priority=high)
2026-08-25 04:52:53,069 - __main__ - ERROR - CURSOR_API_KEY missing – cannot analyse email
2026-08-25 04:52:53,069 - __main__ - INFO - Email from "github-actions[bot]" <notifications@github.com> flagged for human review (priority=high)
2026-08-25 04:52:53,120 - __main__ - ERROR - CURSOR_API_KEY missing – cannot analyse email
2026-08-25 04:52:53,121 - __main__ - INFO - Email from Kleber Garcia Alcatrao <notifications@github.com> flagged for human review (priority=high)
2026-08-25 04:52:53,171 - __main__ - ERROR - CURSOR_API_KEY missing – cannot analyse email
2026-08-25 04:52:53,172 - __main__ - INFO - Email from Kleber Garcia Alcatrao <notifications@github.com> flagged for human review (priority=high)
2026-08-25 04:52:53,223 - __main__ - ERROR - CURSOR_API_KEY missing – cannot analyse email
2026-08-25 04:52:53,224 - __main__ - INFO - Email from "Kleber Garcia AlcatrÃƒÂ£o @ Zion Tech Group" <kleber@ziontechgroup.com> flagged for human review (priority=high)
2026-08-25 04:52:53,276 - __main__ - ERROR - CURSOR_API_KEY missing – cannot analyse email
2026-08-25 04:52:53,276 - __main__ - INFO - Email from "Kleber Garcia AlcatrÃƒÂ£o @ Zion Tech Group" <kleber@ziontechgroup.com> flagged for human review (priority=high)
2026-08-25 04:52:53,327 - __main__ - ERROR - CURSOR_API_KEY missing – cannot analyse email
2026-08-25 04:52:53,327 - __main__ - INFO - Email from "Dooray!" <noreply@dooray.com> flagged for human review (priority=high)
2026-08-25 04:52:53,377 - __main__ - ERROR - CURSOR_API_KEY missing – cannot analyse email
2026-08-25 04:52:53,377 - __main__ - INFO - Email from "Kleber Garcia AlcatrÃƒÂ£o @ Zion Tech Group" <kleber@ziontechgroup.com> flagged for human review (priority=high)
2026-08-25 04:54:07,151 - __main__ - WARNING - CURSOR_API_KEY not set – GPT‑4 calls will fail
2026-08-25 04:54:25,657 - __main__ - INFO - Fetched 20 unread emails
2026-08-25 04:54:25,658 - __main__ - ERROR - CURSOR_API_KEY missing – cannot analyse email
2026-08-25 04:54:25,659 - __main__ - INFO - Email from Kleber Garcia Alcatrao <notifications@github.com> flagged for human review (priority=high)
2026-08-25 04:54:25,710 - __main__ - ERROR - CURSOR_API_KEY missing – cannot analyse email
2026-08-25 04:54:25,710 - __main__ - INFO - Email from Kleber Garcia Alcatrao <notifications@github.com> flagged for human review (priority=high)
2026-08-25 04:54:25,760 - __main__ - ERROR - CURSOR_API_KEY missing – cannot analyse email
2026-08-25 04:54:25,760 - __main__ - INFO - Email from Kleber Garcia Alcatrao <notifications@github.com> flagged for human review (priority=high)
2026-08-25 04:54:25,811 - __main__ - ERROR - CURSOR_API_KEY missing – cannot analyse email
2026-08-25 04:54:25,811 - __main__ - INFO - Email from Kleber Garcia Alcatrao <notifications@github.com> flagged for human review (priority=high)
2026-08-25 04:54:25,862 - __main__ - ERROR - CURSOR_API_KEY missing – cannot analyse email
2026-08-25 04:54:25,862 - __main__ - INFO - Email from Kleber Garcia Alcatrao <notifications@github.com> flagged for human review (priority=high)
2026-08-25 04:54:25,913 - __main__ - ERROR - CURSOR_API_KEY missing – cannot analyse email
2026-08-25 04:54:25,913 - __main__ - INFO - Email from Kleber Garcia Alcatrao <notifications@github.com> flagged for human review (priority=high)
2026-08-25 04:54:25,964 - __main__ - ERROR - CURSOR_API_KEY missing – cannot analyse email
2026-08-25 04:54:25,964 - __main__ - INFO - Email from Kleber Garcia Alcatrao <notifications@github.com> flagged for human review (priority=high)
2026-08-25 04:54:26,015 - __main__ - ERROR - CURSOR_API_KEY missing – cannot analyse email
2026-08-25 04:54:26,015 - __main__ - INFO - Email from Kleber Garcia Alcatrao <notifications@github.com> flagged for human review (priority=high)
2026-08-25 04:54:26,065 - __main__ - ERROR - CURSOR_API_KEY missing – cannot analyse email
2026-08-25 04:54:26,065 - __main__ - INFO - Email from Kleber Garcia Alcatrao <notifications@github.com> flagged for human review (priority=high)
2026-08-25 04:54:26,115 - __main__ - ERROR - CURSOR_API_KEY missing – cannot analyse email
2026-08-25 04:54:26,116 - __main__ - INFO - Email from "Kleber Garcia AlcatrÃƒÂ£o @ Zion Tech Group" <kleber@ziontechgroup.com> flagged for human review (priority=high)
2026-08-25 04:54:26,165 - __main__ - ERROR - CURSOR_API_KEY missing – cannot analyse email
2026-08-25 04:54:26,166 - __main__ - INFO - Email from Kleber Garcia Alcatrao <notifications@github.com> flagged for human review (priority=high)
2026-08-25 04:54:26,218 - __main__ - ERROR - CURSOR_API_KEY missing – cannot analyse email
2026-08-25 04:54:26,218 - __main__ - INFO - Email from Kleber Garcia Alcatrao <notifications@github.com> flagged for human review (priority=high)
2026-08-25 04:54:26,269 - __main__ - ERROR - CURSOR_API_KEY missing – cannot analyse email
2026-08-25 04:54:26,269 - __main__ - INFO - Email from Kleber Garcia Alcatrao <notifications@github.com> flagged for human review (priority=high)
2026-08-25 04:54:26,320 - __main__ - ERROR - CURSOR_API_KEY missing – cannot analyse email
2026-08-25 04:54:26,321 - __main__ - INFO - Email from "github-actions[bot]" <notifications@github.com> flagged for human review (priority=high)
2026-08-25 04:54:26,371 - __main__ - ERROR - CURSOR_API_KEY missing – cannot analyse email
2026-08-25 04:54:26,371 - __main__ - INFO - Email from Kleber Garcia Alcatrao <notifications@github.com> flagged for human review (priority=high)
2026-08-25 04:54:26,422 - __main__ - ERROR - CURSOR_API_KEY missing – cannot analyse email
2026-08-25 04:54:26,422 - __main__ - INFO - Email from Kleber Garcia Alcatrao <notifications@github.com> flagged for human review (priority=high)
2026-08-25 04:54:26,473 - __main__ - ERROR - CURSOR_API_KEY missing – cannot analyse email
2026-08-25 04:54:26,474 - __main__ - INFO - Email from "Kleber Garcia AlcatrÃƒÂ£o @ Zion Tech Group" <kleber@ziontechgroup.com> flagged for human review (priority=high)
2026-08-25 04:54:26,524 - __main__ - ERROR - CURSOR_API_KEY missing – cannot analyse email
2026-08-25 04:54:26,524 - __main__ - INFO - Email from "Kleber Garcia AlcatrÃƒÂ£o @ Zion Tech Group" <kleber@ziontechgroup.com> flagged for human review (priority=high)
2026-08-25 04:54:26,574 - __main__ - ERROR - CURSOR_API_KEY missing – cannot analyse email
2026-08-25 04:54:26,575 - __main__ - INFO - Email from "Dooray!" <noreply@dooray.com> flagged for human review (priority=high)
2026-08-25 04:54:26,625 - __main__ - ERROR - CURSOR_API_KEY missing – cannot analyse email
2026-08-25 04:54:26,625 - __main__ - INFO - Email from "Kleber Garcia AlcatrÃƒÂ£o @ Zion Tech Group" <kleber@ziontechgroup.com> flagged for human review (priority=high)
2026-08-25 04:59:56,311 - __main__ - WARNING - CURSOR_API_KEY not set – GPT‑4 calls will fail
2026-08-25 05:00:14,784 - __main__ - INFO - Fetched 20 unread emails
2026-08-25 05:00:14,785 - __main__ - ERROR - CURSOR_API_KEY missing – cannot analyse email
2026-08-25 05:00:14,785 - __main__ - INFO - Email from Kleber Garcia Alcatrao <notifications@github.com> flagged for human review (priority=high)
2026-08-25 05:00:14,839 - __main__ - ERROR - CURSOR_API_KEY missing – cannot analyse email
2026-08-25 05:00:14,840 - __main__ - INFO - Email from Kleber Garcia Alcatrao <notifications@github.com> flagged for human review (priority=high)
2026-08-25 05:00:14,895 - __main__ - ERROR - CURSOR_API_KEY missing – cannot analyse email
2026-08-25 05:00:14,895 - __main__ - INFO - Email from Kleber Garcia Alcatrao <notifications@github.com> flagged for human review (priority=high)
2026-08-25 05:00:14,951 - __main__ - ERROR - CURSOR_API_KEY missing – cannot analyse email
2026-08-25 05:00:14,951 - __main__ - INFO - Email from Kleber Garcia Alcatrao <notifications@github.com> flagged for human review (priority=high)
2026-08-25 05:00:15,005 - __main__ - ERROR - CURSOR_API_KEY missing – cannot analyse email
2026-08-25 05:00:15,006 - __main__ - INFO - Email from Kleber Garcia Alcatrao <notifications@github.com> flagged for human review (priority=high)
2026-08-25 05:00:15,060 - __main__ - ERROR - CURSOR_API_KEY missing – cannot analyse email
2026-08-25 05:00:15,061 - __main__ - INFO - Email from Kleber Garcia Alcatrao <notifications@github.com> flagged for human review (priority=high)
2026-08-25 05:00:15,116 - __main__ - ERROR - CURSOR_API_KEY missing – cannot analyse email
2026-08-25 05:00:15,117 - __main__ - INFO - Email from Kleber Garcia Alcatrao <notifications@github.com> flagged for human review (priority=high)
2026-08-25 05:00:15,173 - __main__ - ERROR - CURSOR_API_KEY missing – cannot analyse email
2026-08-25 05:00:15,173 - __main__ - INFO - Email from Kleber Garcia Alcatrao <notifications@github.com> flagged for human review (priority=high)
2026-08-25 05:00:15,224 - __main__ - ERROR - CURSOR_API_KEY missing – cannot analyse email
2026-08-25 05:00:15,224 - __main__ - INFO - Email from Kleber Garcia Alcatrao <notifications@github.com> flagged for human review (priority=high)
2026-08-25 05:00:15,275 - __main__ - ERROR - CURSOR_API_KEY missing – cannot analyse email
2026-08-25 05:00:15,275 - __main__ - INFO - Email from Kleber Garcia Alcatrao <notifications@github.com> flagged for human review (priority=high)
2026-08-25 05:00:15,326 - __main__ - ERROR - CURSOR_API_KEY missing – cannot analyse email
2026-08-25 05:00:15,326 - __main__ - INFO - Email from Kleber Garcia Alcatrao <notifications@github.com> flagged for human review (priority=high)
2026-08-25 05:00:15,376 - __main__ - ERROR - CURSOR_API_KEY missing – cannot analyse email
2026-08-25 05:00:15,377 - __main__ - INFO - Email from Kleber Garcia Alcatrao <notifications@github.com> flagged for human review (priority=high)
2026-08-25 05:00:15,428 - __main__ - ERROR - CURSOR_API_KEY missing – cannot analyse email
2026-08-25 05:00:15,429 - __main__ - INFO - Email from Kleber Garcia Alcatrao <notifications@github.com> flagged for human review (priority=high)
2026-08-25 05:00:15,479 - __main__ - ERROR - CURSOR_API_KEY missing – cannot analyse email
2026-08-25 05:00:15,480 - __main__ - INFO - Email from Kleber Garcia Alcatrao <notifications@github.com> flagged for human review (priority=high)
2026-08-25 05:00:15,532 - __main__ - ERROR - CURSOR_API_KEY missing – cannot analyse email
2026-08-25 05:00:15,532 - __main__ - INFO - Email from Kleber Garcia Alcatrao <notifications@github.com> flagged for human review (priority=high)
2026-08-25 05:00:15,582 - __main__ - ERROR - CURSOR_API_KEY missing – cannot analyse email
2026-08-25 05:00:15,583 - __main__ - INFO - Email from Kleber Garcia Alcatrao <notifications@github.com> flagged for human review (priority=high)
2026-08-25 05:00:15,634 - __main__ - ERROR - CURSOR_API_KEY missing – cannot analyse email
2026-08-25 05:00:15,635 - __main__ - INFO - Email from "Kleber Garcia AlcatrÃƒÂ£o @ Zion Tech Group" <kleber@ziontechgroup.com> flagged for human review (priority=high)
2026-08-25 05:00:15,686 - __main__ - ERROR - CURSOR_API_KEY missing – cannot analyse email
2026-08-25 05:00:15,686 - __main__ - INFO - Email from Kleber Garcia Alcatrao <notifications@github.com> flagged for human review (priority=high)
2026-08-25 05:00:15,736 - __main__ - ERROR - CURSOR_API_KEY missing – cannot analyse email
2026-08-25 05:00:15,736 - __main__ - INFO - Email from Kleber Garcia Alcatrao <notifications@github.com> flagged for human review (priority=high)
2026-08-25 05:00:15,787 - __main__ - ERROR - CURSOR_API_KEY missing – cannot analyse email
2026-08-25 05:00:15,787 - __main__ - INFO - Email from Kleber Garcia Alcatrao <notifications@github.com> flagged for human review (priority=high)
2026-08-25 05:02:48,357 - __main__ - WARNING - CURSOR_API_KEY not set – GPT‑4 calls will fail
2026-08-25 05:03:07,593 - __main__ - INFO - Fetched 20 unread emails
2026-08-25 05:03:07,594 - __main__ - ERROR - CURSOR_API_KEY missing – cannot analyse email
2026-08-25 05:03:07,594 - __main__ - INFO - Email from Kleber Garcia Alcatrao <notifications@github.com> flagged for human review (priority=high)
2026-08-25 05:03:07,645 - __main__ - ERROR - CURSOR_API_KEY missing – cannot analyse email
2026-08-25 05:03:07,645 - __main__ - INFO - Email from "Aviso de Inclusão" <avisodeinclusao@spcbrasil.org.br> flagged for human review (priority=high)
2026-08-25 05:03:07,696 - __main__ - ERROR - CURSOR_API_KEY missing – cannot analyse email
2026-08-25 05:03:07,696 - __main__ - INFO - Email from Kleber Garcia Alcatrao <notifications@github.com> flagged for human review (priority=high)
2026-08-25 05:03:07,747 - __main__ - ERROR - CURSOR_API_KEY missing – cannot analyse email
2026-08-25 05:03:07,748 - __main__ - INFO - Email from Kleber Garcia Alcatrao <notifications@github.com> flagged for human review (priority=high)
2026-08-25 05:03:07,798 - __main__ - ERROR - CURSOR_API_KEY missing – cannot analyse email
2026-08-25 05:03:07,798 - __main__ - INFO - Email from Kleber Garcia Alcatrao <notifications@github.com> flagged for human review (priority=high)
2026-08-25 05:03:07,850 - __main__ - ERROR - CURSOR_API_KEY missing – cannot analyse email
2026-08-25 05:03:07,850 - __main__ - INFO - Email from Kleber Garcia Alcatrao <notifications@github.com> flagged for human review (priority=high)
2026-08-25 05:03:07,901 - __main__ - ERROR - CURSOR_API_KEY missing – cannot analyse email
2026-08-25 05:03:07,901 - __main__ - INFO - Email from Kleber Garcia Alcatrao <notifications@github.com> flagged for human review (priority=high)
2026-08-25 05:03:07,952 - __main__ - ERROR - CURSOR_API_KEY missing – cannot analyse email
2026-08-25 05:03:07,953 - __main__ - INFO - Email from Kleber Garcia Alcatrao <notifications@github.com> flagged for human review (priority=high)
2026-08-25 05:03:08,004 - __main__ - ERROR - CURSOR_API_KEY missing – cannot analyse email
2026-08-25 05:03:08,004 - __main__ - INFO - Email from Kleber Garcia Alcatrao <notifications@github.com> flagged for human review (priority=high)
2026-08-25 05:03:08,055 - __main__ - ERROR - CURSOR_API_KEY missing – cannot analyse email
2026-08-25 05:03:08,056 - __main__ - INFO - Email from Kleber Garcia Alcatrao <notifications@github.com> flagged for human review (priority=high)
2026-08-25 05:03:08,107 - __main__ - ERROR - CURSOR_API_KEY missing – cannot analyse email
2026-08-25 05:03:08,107 - __main__ - INFO - Email from Kleber Garcia Alcatrao <notifications@github.com> flagged for human review (priority=high)
2026-08-25 05:03:08,158 - __main__ - ERROR - CURSOR_API_KEY missing – cannot analyse email
2026-08-25 05:03:08,158 - __main__ - INFO - Email from Kleber Garcia Alcatrao <notifications@github.com> flagged for human review (priority=high)
2026-08-25 05:03:08,209 - __main__ - ERROR - CURSOR_API_KEY missing – cannot analyse email
2026-08-25 05:03:08,209 - __main__ - INFO - Email from Kleber Garcia Alcatrao <notifications@github.com> flagged for human review (priority=high)
2026-08-25 05:03:08,301 - __main__ - ERROR - CURSOR_API_KEY missing – cannot analyse email
2026-08-25 05:03:08,301 - __main__ - INFO - Email from Kleber Garcia Alcatrao <notifications@github.com> flagged for human review (priority=high)
2026-08-25 05:03:08,353 - __main__ - ERROR - CURSOR_API_KEY missing – cannot analyse email
2026-08-25 05:03:08,353 - __main__ - INFO - Email from Kleber Garcia Alcatrao <notifications@github.com> flagged for human review (priority=high)
2026-08-25 05:03:08,403 - __main__ - ERROR - CURSOR_API_KEY missing – cannot analyse email
2026-08-25 05:03:08,403 - __main__ - INFO - Email from Kleber Garcia Alcatrao <notifications@github.com> flagged for human review (priority=high)
2026-08-25 05:03:08,454 - __main__ - ERROR - CURSOR_API_KEY missing – cannot analyse email
2026-08-25 05:03:08,454 - __main__ - INFO - Email from Kleber Garcia Alcatrao <notifications@github.com> flagged for human review (priority=high)
2026-08-25 05:03:08,505 - __main__ - ERROR - CURSOR_API_KEY missing – cannot analyse email
2026-08-25 05:03:08,506 - __main__ - INFO - Email from Kleber Garcia Alcatrao <notifications@github.com> flagged for human review (priority=high)
2026-08-25 05:03:08,556 - __main__ - ERROR - CURSOR_API_KEY missing – cannot analyse email
2026-08-25 05:03:08,557 - __main__ - INFO - Email from Kleber Garcia Alcatrao <notifications@github.com> flagged for human review (priority=high)
2026-08-25 05:03:08,607 - __main__ - ERROR - CURSOR_API_KEY missing – cannot analyse email
2026-08-25 05:03:08,608 - __main__ - INFO - Email from Kleber Garcia Alcatrao <notifications@github.com> flagged for human review (priority=high)
2026-08-25 05:08:19,841 - __main__ - WARNING - CURSOR_API_KEY not set – GPT‑4 calls will fail
2026-08-25 05:08:37,792 - __main__ - INFO - Fetched 20 unread emails
2026-08-25 05:08:37,793 - __main__ - ERROR - CURSOR_API_KEY missing – cannot analyse email
2026-08-25 05:08:37,793 - __main__ - INFO - Email from Kleber Garcia Alcatrao <notifications@github.com> flagged for human review (priority=high)
2026-08-25 05:08:37,846 - __main__ - ERROR - CURSOR_API_KEY missing – cannot analyse email
2026-08-25 05:08:37,847 - __main__ - INFO - Email from Kleber Garcia Alcatrao <notifications@github.com> flagged for human review (priority=high)
2026-08-25 05:08:37,899 - __main__ - ERROR - CURSOR_API_KEY missing – cannot analyse email
2026-08-25 05:08:37,899 - __main__ - INFO - Email from Kleber Garcia Alcatrao <notifications@github.com> flagged for human review (priority=high)
2026-08-25 05:08:37,951 - __main__ - ERROR - CURSOR_API_KEY missing – cannot analyse email
2026-08-25 05:08:37,952 - __main__ - INFO - Email from Kleber Garcia Alcatrao <notifications@github.com> flagged for human review (priority=high)
2026-08-25 05:08:38,004 - __main__ - ERROR - CURSOR_API_KEY missing – cannot analyse email
2026-08-25 05:08:38,005 - __main__ - INFO - Email from Kleber Garcia Alcatrao <notifications@github.com> flagged for human review (priority=high)
2026-08-25 05:08:38,057 - __main__ - ERROR - CURSOR_API_KEY missing – cannot analyse email
2026-08-25 05:08:38,058 - __main__ - INFO - Email from "Aviso de Inclusão" <avisodeinclusao@spcbrasil.org.br> flagged for human review (priority=high)
2026-08-25 05:08:38,111 - __main__ - ERROR - CURSOR_API_KEY missing – cannot analyse email
2026-08-25 05:08:38,112 - __main__ - INFO - Email from Kleber Garcia Alcatrao <notifications@github.com> flagged for human review (priority=high)
2026-08-25 05:08:38,164 - __main__ - ERROR - CURSOR_API_KEY missing – cannot analyse email
2026-08-25 05:08:38,164 - __main__ - INFO - Email from Kleber Garcia Alcatrao <notifications@github.com> flagged for human review (priority=high)
2026-08-25 05:08:38,256 - __main__ - ERROR - CURSOR_API_KEY missing – cannot analyse email
2026-08-25 05:08:38,256 - __main__ - INFO - Email from Kleber Garcia Alcatrao <notifications@github.com> flagged for human review (priority=high)
2026-08-25 05:08:38,308 - __main__ - ERROR - CURSOR_API_KEY missing – cannot analyse email
2026-08-25 05:08:38,309 - __main__ - INFO - Email from Kleber Garcia Alcatrao <notifications@github.com> flagged for human review (priority=high)
2026-08-25 05:08:38,362 - __main__ - ERROR - CURSOR_API_KEY missing – cannot analyse email
2026-08-25 05:08:38,363 - __main__ - INFO - Email from Kleber Garcia Alcatrao <notifications@github.com> flagged for human review (priority=high)
2026-08-25 05:08:38,415 - __main__ - ERROR - CURSOR_API_KEY missing – cannot analyse email
2026-08-25 05:08:38,416 - __main__ - INFO - Email from Kleber Garcia Alcatrao <notifications@github.com> flagged for human review (priority=high)
2026-08-25 05:08:38,468 - __main__ - ERROR - CURSOR_API_KEY missing – cannot analyse email
2026-08-25 05:08:38,469 - __main__ - INFO - Email from Kleber Garcia Alcatrao <notifications@github.com> flagged for human review (priority=high)
2026-08-25 05:08:38,521 - __main__ - ERROR - CURSOR_API_KEY missing – cannot analyse email
2026-08-25 05:08:38,521 - __main__ - INFO - Email from Kleber Garcia Alcatrao <notifications@github.com> flagged for human review (priority=high)
2026-08-25 05:08:38,574 - __main__ - ERROR - CURSOR_API_KEY missing – cannot analyse email
2026-08-25 05:08:38,574 - __main__ - INFO - Email from Kleber Garcia Alcatrao <notifications@github.com> flagged for human review (priority=high)
2026-08-25 05:08:38,627 - __main__ - ERROR - CURSOR_API_KEY missing – cannot analyse email
2026-08-25 05:08:38,627 - __main__ - INFO - Email from Kleber Garcia Alcatrao <notifications@github.com> flagged for human review (priority=high)
2026-08-25 05:08:38,679 - __main__ - ERROR - CURSOR_API_KEY missing – cannot analyse email
2026-08-25 05:08:38,680 - __main__ - INFO - Email from Kleber Garcia Alcatrao <notifications@github.com> flagged for human review (priority=high)
2026-08-25 05:08:38,732 - __main__ - ERROR - CURSOR_API_KEY missing – cannot analyse email
2026-08-25 05:08:38,732 - __main__ - INFO - Email from Kleber Garcia Alcatrao <notifications@github.com> flagged for human review (priority=high)
2026-08-25 05:08:38,784 - __main__ - ERROR - CURSOR_API_KEY missing – cannot analyse email
2026-08-25 05:08:38,785 - __main__ - INFO - Email from Kleber Garcia Alcatrao <notifications@github.com> flagged for human review (priority=high)
2026-08-25 05:08:38,837 - __main__ - ERROR - CURSOR_API_KEY missing – cannot analyse email
2026-08-25 05:08:38,837 - __main__ - INFO - Email from Kleber Garcia Alcatrao <notifications@github.com> flagged for human review (priority=high)
2026-08-25 05:11:33,299 - __main__ - WARNING - CURSOR_API_KEY not set – GPT‑4 calls will fail
2026-08-25 05:11:51,301 - __main__ - INFO - Fetched 20 unread emails
2026-08-25 05:11:51,302 - __main__ - ERROR - CURSOR_API_KEY missing – cannot analyse email
2026-08-25 05:11:51,302 - __main__ - INFO - Email from Kleber Garcia Alcatrao <notifications@github.com> flagged for human review (priority=high)
2026-08-25 05:11:51,355 - __main__ - ERROR - CURSOR_API_KEY missing – cannot analyse email
2026-08-25 05:11:51,355 - __main__ - INFO - Email from Kleber Garcia Alcatrao <notifications@github.com> flagged for human review (priority=high)
2026-08-25 05:11:51,405 - __main__ - ERROR - CURSOR_API_KEY missing – cannot analyse email
2026-08-25 05:11:51,405 - __main__ - INFO - Email from Kleber Garcia Alcatrao <notifications@github.com> flagged for human review (priority=high)
2026-08-25 05:11:51,456 - __main__ - ERROR - CURSOR_API_KEY missing – cannot analyse email
2026-08-25 05:11:51,456 - __main__ - INFO - Email from Kleber Garcia Alcatrao <notifications@github.com> flagged for human review (priority=high)
2026-08-25 05:11:51,507 - __main__ - ERROR - CURSOR_API_KEY missing – cannot analyse email
2026-08-25 05:11:51,507 - __main__ - INFO - Email from Kleber Garcia Alcatrao <notifications@github.com> flagged for human review (priority=high)
2026-08-25 05:11:51,558 - __main__ - ERROR - CURSOR_API_KEY missing – cannot analyse email
2026-08-25 05:11:51,559 - __main__ - INFO - Email from "Aviso de Inclusão" <avisodeinclusao@spcbrasil.org.br> flagged for human review (priority=high)
2026-08-25 05:11:51,649 - __main__ - ERROR - CURSOR_API_KEY missing – cannot analyse email
2026-08-25 05:11:51,649 - __main__ - INFO - Email from Kleber Garcia Alcatrao <notifications@github.com> flagged for human review (priority=high)
2026-08-25 05:11:51,700 - __main__ - ERROR - CURSOR_API_KEY missing – cannot analyse email
2026-08-25 05:11:51,701 - __main__ - INFO - Email from Kleber Garcia Alcatrao <notifications@github.com> flagged for human review (priority=high)
2026-08-25 05:11:51,751 - __main__ - ERROR - CURSOR_API_KEY missing – cannot analyse email
2026-08-25 05:11:51,752 - __main__ - INFO - Email from Kleber Garcia Alcatrao <notifications@github.com> flagged for human review (priority=high)
2026-08-25 05:11:51,802 - __main__ - ERROR - CURSOR_API_KEY missing – cannot analyse email
2026-08-25 05:11:51,802 - __main__ - INFO - Email from Kleber Garcia Alcatrao <notifications@github.com> flagged for human review (priority=high)
2026-08-25 05:11:51,852 - __main__ - ERROR - CURSOR_API_KEY missing – cannot analyse email
2026-08-25 05:11:51,852 - __main__ - INFO - Email from Kleber Garcia Alcatrao <notifications@github.com> flagged for human review (priority=high)
2026-08-25 05:11:51,902 - __main__ - ERROR - CURSOR_API_KEY missing – cannot analyse email
2026-08-25 05:11:51,903 - __main__ - INFO - Email from Kleber Garcia Alcatrao <notifications@github.com> flagged for human review (priority=high)
2026-08-25 05:11:51,953 - __main__ - ERROR - CURSOR_API_KEY missing – cannot analyse email
2026-08-25 05:11:51,953 - __main__ - INFO - Email from Kleber Garcia Alcatrao <notifications@github.com> flagged for human review (priority=high)
2026-08-25 05:11:52,044 - __main__ - ERROR - CURSOR_API_KEY missing – cannot analyse email
2026-08-25 05:11:52,045 - __main__ - INFO - Email from Kleber Garcia Alcatrao <notifications@github.com> flagged for human review (priority=high)
2026-08-25 05:11:52,095 - __main__ - ERROR - CURSOR_API_KEY missing – cannot analyse email
2026-08-25 05:11:52,096 - __main__ - INFO - Email from Kleber Garcia Alcatrao <notifications@github.com> flagged for human review (priority=high)
2026-08-25 05:11:52,146 - __main__ - ERROR - CURSOR_API_KEY missing – cannot analyse email
2026-08-25 05:11:52,146 - __main__ - INFO - Email from Kleber Garcia Alcatrao <notifications@github.com> flagged for human review (priority=high)
2026-08-25 05:11:52,197 - __main__ - ERROR - CURSOR_API_KEY missing – cannot analyse email
2026-08-25 05:11:52,198 - __main__ - INFO - Email from Kleber Garcia Alcatrao <notifications@github.com> flagged for human review (priority=high)
2026-08-25 05:11:52,248 - __main__ - ERROR - CURSOR_API_KEY missing – cannot analyse email
2026-08-25 05:11:52,249 - __main__ - INFO - Email from Kleber Garcia Alcatrao <notifications@github.com> flagged for human review (priority=high)
2026-08-25 05:11:52,299 - __main__ - ERROR - CURSOR_API_KEY missing – cannot analyse email
2026-08-25 05:11:52,299 - __main__ - INFO - Email from Kleber Garcia Alcatrao <notifications@github.com> flagged for human review (priority=high)
2026-08-25 05:11:52,351 - __main__ - ERROR - CURSOR_API_KEY missing – cannot analyse email
2026-08-25 05:11:52,351 - __main__ - INFO - Email from Kleber Garcia Alcatrao <notifications@github.com> flagged for human review (priority=high)
2026-08-25 05:12:49,180 - __main__ - WARNING - CURSOR_API_KEY not set – GPT‑4 calls will fail
2026-08-25 05:13:05,486 - __main__ - INFO - Fetched 20 unread emails
2026-08-25 05:13:05,487 - __main__ - ERROR - CURSOR_API_KEY missing – cannot analyse email
2026-08-25 05:13:05,487 - __main__ - INFO - Email from Kleber Garcia Alcatrao <notifications@github.com> flagged for human review (priority=high)
2026-08-25 05:13:05,538 - __main__ - ERROR - CURSOR_API_KEY missing – cannot analyse email
2026-08-25 05:13:05,539 - __main__ - INFO - Email from Kleber Garcia Alcatrao <notifications@github.com> flagged for human review (priority=high)
2026-08-25 05:13:05,590 - __main__ - ERROR - CURSOR_API_KEY missing – cannot analyse email
2026-08-25 05:13:05,591 - __main__ - INFO - Email from Kleber Garcia Alcatrao <notifications@github.com> flagged for human review (priority=high)
2026-08-25 05:13:05,642 - __main__ - ERROR - CURSOR_API_KEY missing – cannot analyse email
2026-08-25 05:13:05,642 - __main__ - INFO - Email from Kleber Garcia Alcatrao <notifications@github.com> flagged for human review (priority=high)
2026-08-25 05:13:05,694 - __main__ - ERROR - CURSOR_API_KEY missing – cannot analyse email
2026-08-25 05:13:05,694 - __main__ - INFO - Email from Kleber Garcia Alcatrao <notifications@github.com> flagged for human review (priority=high)
2026-08-25 05:13:05,746 - __main__ - ERROR - CURSOR_API_KEY missing – cannot analyse email
2026-08-25 05:13:05,746 - __main__ - INFO - Email from "Aviso de Inclusão" <avisodeinclusao@spcbrasil.org.br> flagged for human review (priority=high)
2026-08-25 05:13:05,797 - __main__ - ERROR - CURSOR_API_KEY missing – cannot analyse email
2026-08-25 05:13:05,797 - __main__ - INFO - Email from Kleber Garcia Alcatrao <notifications@github.com> flagged for human review (priority=high)
2026-08-25 05:13:05,847 - __main__ - ERROR - CURSOR_API_KEY missing – cannot analyse email
2026-08-25 05:13:05,848 - __main__ - INFO - Email from Kleber Garcia Alcatrao <notifications@github.com> flagged for human review (priority=high)
2026-08-25 05:13:05,899 - __main__ - ERROR - CURSOR_API_KEY missing – cannot analyse email
2026-08-25 05:13:05,900 - __main__ - INFO - Email from Kleber Garcia Alcatrao <notifications@github.com> flagged for human review (priority=high)
2026-08-25 05:13:05,950 - __main__ - ERROR - CURSOR_API_KEY missing – cannot analyse email
2026-08-25 05:13:05,950 - __main__ - INFO - Email from Kleber Garcia Alcatrao <notifications@github.com> flagged for human review (priority=high)
2026-08-25 05:13:06,003 - __main__ - ERROR - CURSOR_API_KEY missing – cannot analyse email
2026-08-25 05:13:06,003 - __main__ - INFO - Email from Kleber Garcia Alcatrao <notifications@github.com> flagged for human review (priority=high)
2026-08-25 05:13:06,055 - __main__ - ERROR - CURSOR_API_KEY missing – cannot analyse email
2026-08-25 05:13:06,055 - __main__ - INFO - Email from Kleber Garcia Alcatrao <notifications@github.com> flagged for human review (priority=high)
2026-08-25 05:13:06,106 - __main__ - ERROR - CURSOR_API_KEY missing – cannot analyse email
2026-08-25 05:13:06,106 - __main__ - INFO - Email from Kleber Garcia Alcatrao <notifications@github.com> flagged for human review (priority=high)
2026-08-25 05:13:06,157 - __main__ - ERROR - CURSOR_API_KEY missing – cannot analyse email
2026-08-25 05:13:06,157 - __main__ - INFO - Email from Kleber Garcia Alcatrao <notifications@github.com> flagged for human review (priority=high)
2026-08-25 05:13:06,207 - __main__ - ERROR - CURSOR_API_KEY missing – cannot analyse email
2026-08-25 05:13:06,208 - __main__ - INFO - Email from Kleber Garcia Alcatrao <notifications@github.com> flagged for human review (priority=high)
2026-08-25 05:13:06,258 - __main__ - ERROR - CURSOR_API_KEY missing – cannot analyse email
2026-08-25 05:13:06,259 - __main__ - INFO - Email from Kleber Garcia Alcatrao <notifications@github.com> flagged for human review (priority=high)
2026-08-25 05:13:06,311 - __main__ - ERROR - CURSOR_API_KEY missing – cannot analyse email
2026-08-25 05:13:06,311 - __main__ - INFO - Email from Kleber Garcia Alcatrao <notifications@github.com> flagged for human review (priority=high)
2026-08-25 05:13:06,363 - __main__ - ERROR - CURSOR_API_KEY missing – cannot analyse email
2026-08-25 05:13:06,364 - __main__ - INFO - Email from Kleber Garcia Alcatrao <notifications@github.com> flagged for human review (priority=high)
2026-08-25 05:13:06,415 - __main__ - ERROR - CURSOR_API_KEY missing – cannot analyse email
2026-08-25 05:13:06,415 - __main__ - INFO - Email from Kleber Garcia Alcatrao <notifications@github.com> flagged for human review (priority=high)
2026-08-25 05:13:06,468 - __main__ - ERROR - CURSOR_API_KEY missing – cannot analyse email
2026-08-25 05:13:06,469 - __main__ - INFO - Email from Kleber Garcia Alcatrao <notifications@github.com> flagged for human review (priority=high)
2026-08-25 05:14:31,836 - __main__ - WARNING - CURSOR_API_KEY not set – GPT‑4 calls will fail
2026-08-25 05:14:48,520 - __main__ - INFO - Fetched 20 unread emails
2026-08-25 05:14:48,521 - __main__ - ERROR - CURSOR_API_KEY missing – cannot analyse email
2026-08-25 05:14:48,521 - __main__ - INFO - Email from Kleber Garcia Alcatrao <notifications@github.com> flagged for human review (priority=high)
2026-08-25 05:14:48,573 - __main__ - ERROR - CURSOR_API_KEY missing – cannot analyse email
2026-08-25 05:14:48,573 - __main__ - INFO - Email from Kleber Garcia Alcatrao <notifications@github.com> flagged for human review (priority=high)
2026-08-25 05:14:48,625 - __main__ - ERROR - CURSOR_API_KEY missing – cannot analyse email
2026-08-25 05:14:48,625 - __main__ - INFO - Email from Kleber Garcia Alcatrao <notifications@github.com> flagged for human review (priority=high)
2026-08-25 05:14:48,676 - __main__ - ERROR - CURSOR_API_KEY missing – cannot analyse email
2026-08-25 05:14:48,676 - __main__ - INFO - Email from Kleber Garcia Alcatrao <notifications@github.com> flagged for human review (priority=high)
2026-08-25 05:14:48,727 - __main__ - ERROR - CURSOR_API_KEY missing – cannot analyse email
2026-08-25 05:14:48,728 - __main__ - INFO - Email from Kleber Garcia Alcatrao <notifications@github.com> flagged for human review (priority=high)
2026-08-25 05:14:48,779 - __main__ - ERROR - CURSOR_API_KEY missing – cannot analyse email
2026-08-25 05:14:48,779 - __main__ - INFO - Email from "Aviso de Inclusão" <avisodeinclusao@spcbrasil.org.br> flagged for human review (priority=high)
2026-08-25 05:14:48,830 - __main__ - ERROR - CURSOR_API_KEY missing – cannot analyse email
2026-08-25 05:14:48,831 - __main__ - INFO - Email from Kleber Garcia Alcatrao <notifications@github.com> flagged for human review (priority=high)
2026-08-25 05:14:48,883 - __main__ - ERROR - CURSOR_API_KEY missing – cannot analyse email
2026-08-25 05:14:48,883 - __main__ - INFO - Email from Kleber Garcia Alcatrao <notifications@github.com> flagged for human review (priority=high)
2026-08-25 05:14:48,934 - __main__ - ERROR - CURSOR_API_KEY missing – cannot analyse email
2026-08-25 05:14:48,935 - __main__ - INFO - Email from Kleber Garcia Alcatrao <notifications@github.com> flagged for human review (priority=high)
2026-08-25 05:14:48,987 - __main__ - ERROR - CURSOR_API_KEY missing – cannot analyse email
2026-08-25 05:14:48,987 - __main__ - INFO - Email from Kleber Garcia Alcatrao <notifications@github.com> flagged for human review (priority=high)
2026-08-25 05:14:49,038 - __main__ - ERROR - CURSOR_API_KEY missing – cannot analyse email
2026-08-25 05:14:49,038 - __main__ - INFO - Email from Kleber Garcia Alcatrao <notifications@github.com> flagged for human review (priority=high)
2026-08-25 05:14:49,090 - __main__ - ERROR - CURSOR_API_KEY missing – cannot analyse email
2026-08-25 05:14:49,090 - __main__ - INFO - Email from Kleber Garcia Alcatrao <notifications@github.com> flagged for human review (priority=high)
2026-08-25 05:14:49,140 - __main__ - ERROR - CURSOR_API_KEY missing – cannot analyse email
2026-08-25 05:14:49,141 - __main__ - INFO - Email from Kleber Garcia Alcatrao <notifications@github.com> flagged for human review (priority=high)
2026-08-25 05:14:49,191 - __main__ - ERROR - CURSOR_API_KEY missing – cannot analyse email
2026-08-25 05:14:49,191 - __main__ - INFO - Email from Kleber Garcia Alcatrao <notifications@github.com> flagged for human review (priority=high)
2026-08-25 05:14:49,241 - __main__ - ERROR - CURSOR_API_KEY missing – cannot analyse email
2026-08-25 05:14:49,242 - __main__ - INFO - Email from Kleber Garcia Alcatrao <notifications@github.com> flagged for human review (priority=high)
2026-08-25 05:14:49,292 - __main__ - ERROR - CURSOR_API_KEY missing – cannot analyse email
2026-08-25 05:14:49,292 - __main__ - INFO - Email from Kleber Garcia Alcatrao <notifications@github.com> flagged for human review (priority=high)
2026-08-25 05:14:49,342 - __main__ - ERROR - CURSOR_API_KEY missing – cannot analyse email
2026-08-25 05:14:49,343 - __main__ - INFO - Email from Kleber Garcia Alcatrao <notifications@github.com> flagged for human review (priority=high)
2026-08-25 05:14:49,394 - __main__ - ERROR - CURSOR_API_KEY missing – cannot analyse email
2026-08-25 05:14:49,394 - __main__ - INFO - Email from Kleber Garcia Alcatrao <notifications@github.com> flagged for human review (priority=high)
2026-08-25 05:14:49,445 - __main__ - ERROR - CURSOR_API_KEY missing – cannot analyse email
2026-08-25 05:14:49,446 - __main__ - INFO - Email from Kleber Garcia Alcatrao <notifications@github.com> flagged for human review (priority=high)
2026-08-25 05:14:49,496 - __main__ - ERROR - CURSOR_API_KEY missing – cannot analyse email
2026-08-25 05:14:49,497 - __main__ - INFO - Email from Kleber Garcia Alcatrao <notifications@github.com> flagged for human review (priority=high)
2026-08-25 05:16:31,386 - __main__ - WARNING - CURSOR_API_KEY not set – GPT‑4 calls will fail
2026-08-25 05:16:48,462 - __main__ - INFO - Fetched 20 unread emails
2026-08-25 05:16:48,462 - __main__ - ERROR - CURSOR_API_KEY missing – cannot analyse email
2026-08-25 05:16:48,463 - __main__ - INFO - Email from Kleber Garcia Alcatrao <notifications@github.com> flagged for human review (priority=high)
2026-08-25 05:16:48,514 - __main__ - ERROR - CURSOR_API_KEY missing – cannot analyse email
2026-08-25 05:16:48,514 - __main__ - INFO - Email from Kleber Garcia Alcatrao <notifications@github.com> flagged for human review (priority=high)
2026-08-25 05:16:48,566 - __main__ - ERROR - CURSOR_API_KEY missing – cannot analyse email
2026-08-25 05:16:48,566 - __main__ - INFO - Email from Kleber Garcia Alcatrao <notifications@github.com> flagged for human review (priority=high)
2026-08-25 05:16:48,616 - __main__ - ERROR - CURSOR_API_KEY missing – cannot analyse email
2026-08-25 05:16:48,617 - __main__ - INFO - Email from Kleber Garcia Alcatrao <notifications@github.com> flagged for human review (priority=high)
2026-08-25 05:16:48,668 - __main__ - ERROR - CURSOR_API_KEY missing – cannot analyse email
2026-08-25 05:16:48,668 - __main__ - INFO - Email from Kleber Garcia Alcatrao <notifications@github.com> flagged for human review (priority=high)
2026-08-25 05:16:48,720 - __main__ - ERROR - CURSOR_API_KEY missing – cannot analyse email
2026-08-25 05:16:48,721 - __main__ - INFO - Email from "Aviso de Inclusão" <avisodeinclusao@spcbrasil.org.br> flagged for human review (priority=high)
2026-08-25 05:16:48,772 - __main__ - ERROR - CURSOR_API_KEY missing – cannot analyse email
2026-08-25 05:16:48,772 - __main__ - INFO - Email from Kleber Garcia Alcatrao <notifications@github.com> flagged for human review (priority=high)
2026-08-25 05:16:48,823 - __main__ - ERROR - CURSOR_API_KEY missing – cannot analyse email
2026-08-25 05:16:48,823 - __main__ - INFO - Email from Kleber Garcia Alcatrao <notifications@github.com> flagged for human review (priority=high)
2026-08-25 05:16:48,878 - __main__ - ERROR - CURSOR_API_KEY missing – cannot analyse email
2026-08-25 05:16:48,879 - __main__ - INFO - Email from Kleber Garcia Alcatrao <notifications@github.com> flagged for human review (priority=high)
2026-08-25 05:16:48,931 - __main__ - ERROR - CURSOR_API_KEY missing – cannot analyse email
2026-08-25 05:16:48,932 - __main__ - INFO - Email from Kleber Garcia Alcatrao <notifications@github.com> flagged for human review (priority=high)
2026-08-25 05:16:48,984 - __main__ - ERROR - CURSOR_API_KEY missing – cannot analyse email
2026-08-25 05:16:48,984 - __main__ - INFO - Email from Kleber Garcia Alcatrao <notifications@github.com> flagged for human review (priority=high)
2026-08-25 05:16:49,079 - __main__ - ERROR - CURSOR_API_KEY missing – cannot analyse email
2026-08-25 05:16:49,079 - __main__ - INFO - Email from Kleber Garcia Alcatrao <notifications@github.com> flagged for human review (priority=high)
2026-08-25 05:16:49,133 - __main__ - ERROR - CURSOR_API_KEY missing – cannot analyse email
2026-08-25 05:16:49,134 - __main__ - INFO - Email from Kleber Garcia Alcatrao <notifications@github.com> flagged for human review (priority=high)
2026-08-25 05:16:49,228 - __main__ - ERROR - CURSOR_API_KEY missing – cannot analyse email
2026-08-25 05:16:49,228 - __main__ - INFO - Email from Kleber Garcia Alcatrao <notifications@github.com> flagged for human review (priority=high)
2026-08-25 05:16:49,280 - __main__ - ERROR - CURSOR_API_KEY missing – cannot analyse email
2026-08-25 05:16:49,281 - __main__ - INFO - Email from Kleber Garcia Alcatrao <notifications@github.com> flagged for human review (priority=high)
2026-08-25 05:16:49,334 - __main__ - ERROR - CURSOR_API_KEY missing – cannot analyse email
2026-08-25 05:16:49,334 - __main__ - INFO - Email from Kleber Garcia Alcatrao <notifications@github.com> flagged for human review (priority=high)
2026-08-25 05:16:49,386 - __main__ - ERROR - CURSOR_API_KEY missing – cannot analyse email
2026-08-25 05:16:49,387 - __main__ - INFO - Email from Kleber Garcia Alcatrao <notifications@github.com> flagged for human review (priority=high)
2026-08-25 05:16:49,439 - __main__ - ERROR - CURSOR_API_KEY missing – cannot analyse email
2026-08-25 05:16:49,439 - __main__ - INFO - Email from Kleber Garcia Alcatrao <notifications@github.com> flagged for human review (priority=high)
2026-08-25 05:16:49,491 - __main__ - ERROR - CURSOR_API_KEY missing – cannot analyse email
2026-08-25 05:16:49,491 - __main__ - INFO - Email from Kleber Garcia Alcatrao <notifications@github.com> flagged for human review (priority=high)
2026-08-25 05:16:49,543 - __main__ - ERROR - CURSOR_API_KEY missing – cannot analyse email
2026-08-25 05:16:49,543 - __main__ - INFO - Email from Kleber Garcia Alcatrao <notifications@github.com> flagged for human review (priority=high)
2026-08-25 05:20:23,681 - __main__ - WARNING - CURSOR_API_KEY not set – GPT‑4 calls will fail
2026-08-25 05:20:40,999 - __main__ - INFO - Fetched 20 unread emails
2026-08-25 05:20:41,000 - __main__ - ERROR - CURSOR_API_KEY missing – cannot analyse email
2026-08-25 05:20:41,000 - __main__ - INFO - Email from Kleber Garcia Alcatrao <notifications@github.com> flagged for human review (priority=high)
2026-08-25 05:20:41,053 - __main__ - ERROR - CURSOR_API_KEY missing – cannot analyse email
2026-08-25 05:20:41,054 - __main__ - INFO - Email from Kleber Garcia Alcatrao <notifications@github.com> flagged for human review (priority=high)
2026-08-25 05:20:41,106 - __main__ - ERROR - CURSOR_API_KEY missing – cannot analyse email
2026-08-25 05:20:41,107 - __main__ - INFO - Email from Kleber Garcia Alcatrao <notifications@github.com> flagged for human review (priority=high)
2026-08-25 05:20:41,157 - __main__ - ERROR - CURSOR_API_KEY missing – cannot analyse email
2026-08-25 05:20:41,157 - __main__ - INFO - Email from Kleber Garcia Alcatrao <notifications@github.com> flagged for human review (priority=high)
2026-08-25 05:20:41,209 - __main__ - ERROR - CURSOR_API_KEY missing – cannot analyse email
2026-08-25 05:20:41,209 - __main__ - INFO - Email from Kleber Garcia Alcatrao <notifications@github.com> flagged for human review (priority=high)
2026-08-25 05:20:41,260 - __main__ - ERROR - CURSOR_API_KEY missing – cannot analyse email
2026-08-25 05:20:41,261 - __main__ - INFO - Email from "Aviso de Inclusão" <avisodeinclusao@spcbrasil.org.br> flagged for human review (priority=high)
2026-08-25 05:20:41,313 - __main__ - ERROR - CURSOR_API_KEY missing – cannot analyse email
2026-08-25 05:20:41,313 - __main__ - INFO - Email from Kleber Garcia Alcatrao <notifications@github.com> flagged for human review (priority=high)
2026-08-25 05:20:41,377 - __main__ - ERROR - CURSOR_API_KEY missing – cannot analyse email
2026-08-25 05:20:41,377 - __main__ - INFO - Email from Kleber Garcia Alcatrao <notifications@github.com> flagged for human review (priority=high)
2026-08-25 05:20:41,472 - __main__ - ERROR - CURSOR_API_KEY missing – cannot analyse email
2026-08-25 05:20:41,472 - __main__ - INFO - Email from Kleber Garcia Alcatrao <notifications@github.com> flagged for human review (priority=high)
2026-08-25 05:20:41,525 - __main__ - ERROR - CURSOR_API_KEY missing – cannot analyse email
2026-08-25 05:20:41,525 - __main__ - INFO - Email from Kleber Garcia Alcatrao <notifications@github.com> flagged for human review (priority=high)
2026-08-25 05:20:41,580 - __main__ - ERROR - CURSOR_API_KEY missing – cannot analyse email
2026-08-25 05:20:41,580 - __main__ - INFO - Email from Kleber Garcia Alcatrao <notifications@github.com> flagged for human review (priority=high)
2026-08-25 05:20:41,667 - __main__ - ERROR - CURSOR_API_KEY missing – cannot analyse email
2026-08-25 05:20:41,667 - __main__ - INFO - Email from Kleber Garcia Alcatrao <notifications@github.com> flagged for human review (priority=high)
2026-08-25 05:20:41,719 - __main__ - ERROR - CURSOR_API_KEY missing – cannot analyse email
2026-08-25 05:20:41,719 - __main__ - INFO - Email from Kleber Garcia Alcatrao <notifications@github.com> flagged for human review (priority=high)
2026-08-25 05:20:41,770 - __main__ - ERROR - CURSOR_API_KEY missing – cannot analyse email
2026-08-25 05:20:41,771 - __main__ - INFO - Email from Kleber Garcia Alcatrao <notifications@github.com> flagged for human review (priority=high)
2026-08-25 05:20:41,821 - __main__ - ERROR - CURSOR_API_KEY missing – cannot analyse email
2026-08-25 05:20:41,822 - __main__ - INFO - Email from Kleber Garcia Alcatrao <notifications@github.com> flagged for human review (priority=high)
2026-08-25 05:20:41,871 - __main__ - ERROR - CURSOR_API_KEY missing – cannot analyse email
2026-08-25 05:20:41,872 - __main__ - INFO - Email from Kleber Garcia Alcatrao <notifications@github.com> flagged for human review (priority=high)
2026-08-25 05:20:41,926 - __main__ - ERROR - CURSOR_API_KEY missing – cannot analyse email
2026-08-25 05:20:41,927 - __main__ - INFO - Email from Kleber Garcia Alcatrao <notifications@github.com> flagged for human review (priority=high)
2026-08-25 05:20:41,978 - __main__ - ERROR - CURSOR_API_KEY missing – cannot analyse email
2026-08-25 05:20:41,979 - __main__ - INFO - Email from Kleber Garcia Alcatrao <notifications@github.com> flagged for human review (priority=high)
2026-08-25 05:20:42,031 - __main__ - ERROR - CURSOR_API_KEY missing – cannot analyse email
2026-08-25 05:20:42,031 - __main__ - INFO - Email from Kleber Garcia Alcatrao <notifications@github.com> flagged for human review (priority=high)
2026-08-25 05:20:42,083 - __main__ - ERROR - CURSOR_API_KEY missing – cannot analyse email
2026-08-25 05:20:42,084 - __main__ - INFO - Email from Kleber Garcia Alcatrao <notifications@github.com> flagged for human review (priority=high)
2026-08-25 05:28:31,957 - __main__ - WARNING - CURSOR_API_KEY not set – GPT‑4 calls will fail
2026-08-25 05:28:48,851 - __main__ - INFO - Fetched 20 unread emails
2026-08-25 05:28:48,852 - __main__ - ERROR - CURSOR_API_KEY missing – cannot analyse email
2026-08-25 05:28:48,852 - __main__ - INFO - Email from "Kleber Garcia AlcatrÃƒÂ£o @ Zion Tech Group" <kleber@ziontechgroup.com> flagged for human review (priority=high)
2026-08-25 05:28:48,905 - __main__ - ERROR - CURSOR_API_KEY missing – cannot analyse email
2026-08-25 05:28:48,906 - __main__ - INFO - Email from "Kleber Garcia AlcatrÃƒÂ£o @ Zion Tech Group" <kleber@ziontechgroup.com> flagged for human review (priority=high)
2026-08-25 05:28:48,957 - __main__ - ERROR - CURSOR_API_KEY missing – cannot analyse email
2026-08-25 05:28:48,958 - __main__ - INFO - Email from "Dooray!" <noreply@dooray.com> flagged for human review (priority=high)
2026-08-25 05:28:49,010 - __main__ - ERROR - CURSOR_API_KEY missing – cannot analyse email
2026-08-25 05:28:49,010 - __main__ - INFO - Email from "Kleber Garcia AlcatrÃƒÂ£o @ Zion Tech Group" <kleber@ziontechgroup.com> flagged for human review (priority=high)
2026-08-25 05:28:49,061 - __main__ - ERROR - CURSOR_API_KEY missing – cannot analyse email
2026-08-25 05:28:49,061 - __main__ - INFO - Email from Kleber Garcia Alcatrao <notifications@github.com> flagged for human review (priority=high)
2026-08-25 05:28:49,113 - __main__ - ERROR - CURSOR_API_KEY missing – cannot analyse email
2026-08-25 05:28:49,113 - __main__ - INFO - Email from "github-actions[bot]" <notifications@github.com> flagged for human review (priority=high)
2026-08-25 05:28:49,165 - __main__ - ERROR - CURSOR_API_KEY missing – cannot analyse email
2026-08-25 05:28:49,166 - __main__ - INFO - Email from Kleber Garcia Alcatrao <notifications@github.com> flagged for human review (priority=high)
2026-08-25 05:28:49,219 - __main__ - ERROR - CURSOR_API_KEY missing – cannot analyse email
2026-08-25 05:28:49,219 - __main__ - INFO - Email from Kleber Garcia Alcatrao <notifications@github.com> flagged for human review (priority=high)
2026-08-25 05:28:49,272 - __main__ - ERROR - CURSOR_API_KEY missing – cannot analyse email
2026-08-25 05:28:49,273 - __main__ - INFO - Email from Kleber Garcia Alcatrao <notifications@github.com> flagged for human review (priority=high)
2026-08-25 05:28:49,324 - __main__ - ERROR - CURSOR_API_KEY missing – cannot analyse email
2026-08-25 05:28:49,325 - __main__ - INFO - Email from Kleber Garcia Alcatrao <notifications@github.com> flagged for human review (priority=high)
2026-08-25 05:28:49,377 - __main__ - ERROR - CURSOR_API_KEY missing – cannot analyse email
2026-08-25 05:28:49,377 - __main__ - INFO - Email from Kleber Garcia Alcatrao <notifications@github.com> flagged for human review (priority=high)
2026-08-25 05:28:49,429 - __main__ - ERROR - CURSOR_API_KEY missing – cannot analyse email
2026-08-25 05:28:49,429 - __main__ - INFO - Email from Kleber Garcia Alcatrao <notifications@github.com> flagged for human review (priority=high)
2026-08-25 05:28:49,520 - __main__ - ERROR - CURSOR_API_KEY missing – cannot analyse email
2026-08-25 05:28:49,520 - __main__ - INFO - Email from Kleber Garcia Alcatrao <notifications@github.com> flagged for human review (priority=high)
2026-08-25 05:28:49,572 - __main__ - ERROR - CURSOR_API_KEY missing – cannot analyse email
2026-08-25 05:28:49,572 - __main__ - INFO - Email from "Aviso de Inclusão" <avisodeinclusao@spcbrasil.org.br> flagged for human review (priority=high)
2026-08-25 05:28:49,626 - __main__ - ERROR - CURSOR_API_KEY missing – cannot analyse email
2026-08-25 05:28:49,626 - __main__ - INFO - Email from Kleber Garcia Alcatrao <notifications@github.com> flagged for human review (priority=high)
2026-08-25 05:28:49,678 - __main__ - ERROR - CURSOR_API_KEY missing – cannot analyse email
2026-08-25 05:28:49,679 - __main__ - INFO - Email from Kleber Garcia Alcatrao <notifications@github.com> flagged for human review (priority=high)
2026-08-25 05:28:49,732 - __main__ - ERROR - CURSOR_API_KEY missing – cannot analyse email
2026-08-25 05:28:49,732 - __main__ - INFO - Email from Kleber Garcia Alcatrao <notifications@github.com> flagged for human review (priority=high)
2026-08-25 05:28:49,784 - __main__ - ERROR - CURSOR_API_KEY missing – cannot analyse email
2026-08-25 05:28:49,784 - __main__ - INFO - Email from Kleber Garcia Alcatrao <notifications@github.com> flagged for human review (priority=high)
2026-08-25 05:28:49,838 - __main__ - ERROR - CURSOR_API_KEY missing – cannot analyse email
2026-08-25 05:28:49,839 - __main__ - INFO - Email from Kleber Garcia Alcatrao <notifications@github.com> flagged for human review (priority=high)
2026-08-25 05:28:49,890 - __main__ - ERROR - CURSOR_API_KEY missing – cannot analyse email
2026-08-25 05:28:49,890 - __main__ - INFO - Email from Kleber Garcia Alcatrao <notifications@github.com> flagged for human review (priority=high)
2026-08-25 05:29:55,698 - __main__ - WARNING - CURSOR_API_KEY not set – GPT‑4 calls will fail
2026-08-25 05:30:13,332 - __main__ - INFO - Fetched 20 unread emails
2026-08-25 05:30:13,333 - __main__ - ERROR - CURSOR_API_KEY missing – cannot analyse email
2026-08-25 05:30:13,333 - __main__ - INFO - Email from Kleber Garcia Alcatrao <notifications@github.com> flagged for human review (priority=high)
2026-08-25 05:30:13,385 - __main__ - ERROR - CURSOR_API_KEY missing – cannot analyse email
2026-08-25 05:30:13,385 - __main__ - INFO - Email from "Kleber Garcia AlcatrÃƒÂ£o @ Zion Tech Group" <kleber@ziontechgroup.com> flagged for human review (priority=high)
2026-08-25 05:30:13,435 - __main__ - ERROR - CURSOR_API_KEY missing – cannot analyse email
2026-08-25 05:30:13,436 - __main__ - INFO - Email from "Kleber Garcia AlcatrÃƒÂ£o @ Zion Tech Group" <kleber@ziontechgroup.com> flagged for human review (priority=high)
2026-08-25 05:30:13,487 - __main__ - ERROR - CURSOR_API_KEY missing – cannot analyse email
2026-08-25 05:30:13,487 - __main__ - INFO - Email from "Dooray!" <noreply@dooray.com> flagged for human review (priority=high)
2026-08-25 05:30:13,537 - __main__ - ERROR - CURSOR_API_KEY missing – cannot analyse email
2026-08-25 05:30:13,538 - __main__ - INFO - Email from "Kleber Garcia AlcatrÃƒÂ£o @ Zion Tech Group" <kleber@ziontechgroup.com> flagged for human review (priority=high)
2026-08-25 05:30:13,589 - __main__ - ERROR - CURSOR_API_KEY missing – cannot analyse email
2026-08-25 05:30:13,589 - __main__ - INFO - Email from Kleber Garcia Alcatrao <notifications@github.com> flagged for human review (priority=high)
2026-08-25 05:30:13,641 - __main__ - ERROR - CURSOR_API_KEY missing – cannot analyse email
2026-08-25 05:30:13,641 - __main__ - INFO - Email from "github-actions[bot]" <notifications@github.com> flagged for human review (priority=high)
2026-08-25 05:30:13,693 - __main__ - ERROR - CURSOR_API_KEY missing – cannot analyse email
2026-08-25 05:30:13,693 - __main__ - INFO - Email from Kleber Garcia Alcatrao <notifications@github.com> flagged for human review (priority=high)
2026-08-25 05:30:13,783 - __main__ - ERROR - CURSOR_API_KEY missing – cannot analyse email
2026-08-25 05:30:13,783 - __main__ - INFO - Email from Kleber Garcia Alcatrao <notifications@github.com> flagged for human review (priority=high)
2026-08-25 05:30:13,835 - __main__ - ERROR - CURSOR_API_KEY missing – cannot analyse email
2026-08-25 05:30:13,835 - __main__ - INFO - Email from Kleber Garcia Alcatrao <notifications@github.com> flagged for human review (priority=high)
2026-08-25 05:30:13,886 - __main__ - ERROR - CURSOR_API_KEY missing – cannot analyse email
2026-08-25 05:30:13,886 - __main__ - INFO - Email from Kleber Garcia Alcatrao <notifications@github.com> flagged for human review (priority=high)
2026-08-25 05:30:13,936 - __main__ - ERROR - CURSOR_API_KEY missing – cannot analyse email
2026-08-25 05:30:13,937 - __main__ - INFO - Email from Kleber Garcia Alcatrao <notifications@github.com> flagged for human review (priority=high)
2026-08-25 05:30:13,987 - __main__ - ERROR - CURSOR_API_KEY missing – cannot analyse email
2026-08-25 05:30:13,988 - __main__ - INFO - Email from Kleber Garcia Alcatrao <notifications@github.com> flagged for human review (priority=high)
2026-08-25 05:30:14,039 - __main__ - ERROR - CURSOR_API_KEY missing – cannot analyse email
2026-08-25 05:30:14,040 - __main__ - INFO - Email from Kleber Garcia Alcatrao <notifications@github.com> flagged for human review (priority=high)
2026-08-25 05:30:14,091 - __main__ - ERROR - CURSOR_API_KEY missing – cannot analyse email
2026-08-25 05:30:14,091 - __main__ - INFO - Email from "Aviso de Inclusão" <avisodeinclusao@spcbrasil.org.br> flagged for human review (priority=high)
2026-08-25 05:30:14,142 - __main__ - ERROR - CURSOR_API_KEY missing – cannot analyse email
2026-08-25 05:30:14,142 - __main__ - INFO - Email from Kleber Garcia Alcatrao <notifications@github.com> flagged for human review (priority=high)
2026-08-25 05:30:14,193 - __main__ - ERROR - CURSOR_API_KEY missing – cannot analyse email
2026-08-25 05:30:14,193 - __main__ - INFO - Email from Kleber Garcia Alcatrao <notifications@github.com> flagged for human review (priority=high)
2026-08-25 05:30:14,244 - __main__ - ERROR - CURSOR_API_KEY missing – cannot analyse email
2026-08-25 05:30:14,244 - __main__ - INFO - Email from Kleber Garcia Alcatrao <notifications@github.com> flagged for human review (priority=high)
2026-08-25 05:30:14,294 - __main__ - ERROR - CURSOR_API_KEY missing – cannot analyse email
2026-08-25 05:30:14,295 - __main__ - INFO - Email from Kleber Garcia Alcatrao <notifications@github.com> flagged for human review (priority=high)
2026-08-25 05:30:14,346 - __main__ - ERROR - CURSOR_API_KEY missing – cannot analyse email
2026-08-25 05:30:14,346 - __main__ - INFO - Email from Kleber Garcia Alcatrao <notifications@github.com> flagged for human review (priority=high)
2026-08-25 05:51:08,676 - __main__ - WARNING - CURSOR_API_KEY not set – GPT‑4 calls will fail
2026-08-25 05:51:24,909 - __main__ - INFO - Fetched 20 unread emails
2026-08-25 05:51:24,910 - __main__ - ERROR - CURSOR_API_KEY missing – cannot analyse email
2026-08-25 05:51:24,910 - __main__ - INFO - Email from Kleber Garcia Alcatrao <notifications@github.com> flagged for human review (priority=high)
2026-08-25 05:51:24,961 - __main__ - ERROR - CURSOR_API_KEY missing – cannot analyse email
2026-08-25 05:51:24,961 - __main__ - INFO - Email from "Kleber Garcia AlcatrÃƒÂ£o @ Zion Tech Group" <kleber@ziontechgroup.com> flagged for human review (priority=high)
2026-08-25 05:51:25,012 - __main__ - ERROR - CURSOR_API_KEY missing – cannot analyse email
2026-08-25 05:51:25,013 - __main__ - INFO - Email from "Dooray!" <noreply@dooray.com> flagged for human review (priority=high)
2026-08-25 05:51:25,064 - __main__ - ERROR - CURSOR_API_KEY missing – cannot analyse email
2026-08-25 05:51:25,064 - __main__ - INFO - Email from "Kleber Garcia AlcatrÃƒÂ£o @ Zion Tech Group" <kleber@ziontechgroup.com> flagged for human review (priority=high)
2026-08-25 05:51:25,155 - __main__ - ERROR - CURSOR_API_KEY missing – cannot analyse email
2026-08-25 05:51:25,155 - __main__ - INFO - Email from Kleber Garcia Alcatrao <notifications@github.com> flagged for human review (priority=high)
2026-08-25 05:51:25,205 - __main__ - ERROR - CURSOR_API_KEY missing – cannot analyse email
2026-08-25 05:51:25,206 - __main__ - INFO - Email from "Kleber Garcia AlcatrÃƒÂ£o @ Zion Tech Group" <kleber@ziontechgroup.com> flagged for human review (priority=high)
2026-08-25 05:51:25,256 - __main__ - ERROR - CURSOR_API_KEY missing – cannot analyse email
2026-08-25 05:51:25,256 - __main__ - INFO - Email from "Kleber Garcia AlcatrÃƒÂ£o @ Zion Tech Group" <kleber@ziontechgroup.com> flagged for human review (priority=high)
2026-08-25 05:51:25,308 - __main__ - ERROR - CURSOR_API_KEY missing – cannot analyse email
2026-08-25 05:51:25,308 - __main__ - INFO - Email from "Dooray!" <noreply@dooray.com> flagged for human review (priority=high)
2026-08-25 05:51:25,359 - __main__ - ERROR - CURSOR_API_KEY missing – cannot analyse email
2026-08-25 05:51:25,359 - __main__ - INFO - Email from "Kleber Garcia AlcatrÃƒÂ£o @ Zion Tech Group" <kleber@ziontechgroup.com> flagged for human review (priority=high)
2026-08-25 05:51:25,409 - __main__ - ERROR - CURSOR_API_KEY missing – cannot analyse email
2026-08-25 05:51:25,409 - __main__ - INFO - Email from "Kleber Garcia AlcatrÃƒÂ£o @ Zion Tech Group" <kleber@ziontechgroup.com> flagged for human review (priority=high)
2026-08-25 05:51:25,462 - __main__ - ERROR - CURSOR_API_KEY missing – cannot analyse email
2026-08-25 05:51:25,462 - __main__ - INFO - Email from Kleber Garcia Alcatrao <notifications@github.com> flagged for human review (priority=high)
2026-08-25 05:51:25,514 - __main__ - ERROR - CURSOR_API_KEY missing – cannot analyse email
2026-08-25 05:51:25,514 - __main__ - INFO - Email from Kleber Garcia Alcatrao <notifications@github.com> flagged for human review (priority=high)
2026-08-25 05:51:25,565 - __main__ - ERROR - CURSOR_API_KEY missing – cannot analyse email
2026-08-25 05:51:25,565 - __main__ - INFO - Email from "Kleber Garcia AlcatrÃƒÂ£o @ Zion Tech Group" <kleber@ziontechgroup.com> flagged for human review (priority=high)
2026-08-25 05:51:25,615 - __main__ - ERROR - CURSOR_API_KEY missing – cannot analyse email
2026-08-25 05:51:25,615 - __main__ - INFO - Email from "Kleber Garcia AlcatrÃƒÂ£o @ Zion Tech Group" <kleber@ziontechgroup.com> flagged for human review (priority=high)
2026-08-25 05:51:25,665 - __main__ - ERROR - CURSOR_API_KEY missing – cannot analyse email
2026-08-25 05:51:25,665 - __main__ - INFO - Email from Kleber Garcia Alcatrao <notifications@github.com> flagged for human review (priority=high)
2026-08-25 05:51:25,717 - __main__ - ERROR - CURSOR_API_KEY missing – cannot analyse email
2026-08-25 05:51:25,718 - __main__ - INFO - Email from "Dooray!" <noreply@dooray.com> flagged for human review (priority=high)
2026-08-25 05:51:25,769 - __main__ - ERROR - CURSOR_API_KEY missing – cannot analyse email
2026-08-25 05:51:25,769 - __main__ - INFO - Email from "Kleber Garcia AlcatrÃƒÂ£o @ Zion Tech Group" <kleber@ziontechgroup.com> flagged for human review (priority=high)
2026-08-25 05:51:25,820 - __main__ - ERROR - CURSOR_API_KEY missing – cannot analyse email
2026-08-25 05:51:25,820 - __main__ - INFO - Email from "Dooray!" <noreply@dooray.com> flagged for human review (priority=high)
2026-08-25 05:51:25,871 - __main__ - ERROR - CURSOR_API_KEY missing – cannot analyse email
2026-08-25 05:51:25,871 - __main__ - INFO - Email from Kleber Garcia Alcatrao <notifications@github.com> flagged for human review (priority=high)
2026-08-25 05:51:25,922 - __main__ - ERROR - CURSOR_API_KEY missing – cannot analyse email
2026-08-25 05:51:25,922 - __main__ - INFO - Email from "Kleber Garcia AlcatrÃƒÂ£o @ Zion Tech Group" <kleber@ziontechgroup.com> flagged for human review (priority=high)
2026-08-25 06:02:21,502 - __main__ - WARNING - CURSOR_API_KEY not set – GPT‑4 calls will fail
2026-08-25 06:02:38,316 - __main__ - INFO - Fetched 20 unread emails
2026-08-25 06:02:38,317 - __main__ - ERROR - CURSOR_API_KEY missing – cannot analyse email
2026-08-25 06:02:38,317 - __main__ - INFO - Email from Kleber Garcia Alcatrao <notifications@github.com> flagged for human review (priority=high)
2026-08-25 06:02:38,371 - __main__ - ERROR - CURSOR_API_KEY missing – cannot analyse email
2026-08-25 06:02:38,372 - __main__ - INFO - Email from "Kleber Garcia AlcatrÃƒÂ£o @ Zion Tech Group" <kleber@ziontechgroup.com> flagged for human review (priority=high)
2026-08-25 06:02:38,426 - __main__ - ERROR - CURSOR_API_KEY missing – cannot analyse email
2026-08-25 06:02:38,427 - __main__ - INFO - Email from "Kleber Garcia AlcatrÃƒÂ£o @ Zion Tech Group" <kleber@ziontechgroup.com> flagged for human review (priority=high)
2026-08-25 06:02:38,479 - __main__ - ERROR - CURSOR_API_KEY missing – cannot analyse email
2026-08-25 06:02:38,480 - __main__ - INFO - Email from "Dooray!" <noreply@dooray.com> flagged for human review (priority=high)
2026-08-25 06:02:38,534 - __main__ - ERROR - CURSOR_API_KEY missing – cannot analyse email
2026-08-25 06:02:38,535 - __main__ - INFO - Email from "Kleber Garcia AlcatrÃƒÂ£o @ Zion Tech Group" <kleber@ziontechgroup.com> flagged for human review (priority=high)
2026-08-25 06:02:38,628 - __main__ - ERROR - CURSOR_API_KEY missing – cannot analyse email
2026-08-25 06:02:38,628 - __main__ - INFO - Email from Kleber Garcia Alcatrao <notifications@github.com> flagged for human review (priority=high)
2026-08-25 06:02:38,682 - __main__ - ERROR - CURSOR_API_KEY missing – cannot analyse email
2026-08-25 06:02:38,682 - __main__ - INFO - Email from Kleber Garcia Alcatrao <notifications@github.com> flagged for human review (priority=high)
2026-08-25 06:02:38,735 - __main__ - ERROR - CURSOR_API_KEY missing – cannot analyse email
2026-08-25 06:02:38,736 - __main__ - INFO - Email from Kleber Garcia Alcatrao <notifications@github.com> flagged for human review (priority=high)
2026-08-25 06:02:38,788 - __main__ - ERROR - CURSOR_API_KEY missing – cannot analyse email
2026-08-25 06:02:38,788 - __main__ - INFO - Email from Kleber Garcia Alcatrao <notifications@github.com> flagged for human review (priority=high)
2026-08-25 06:02:38,841 - __main__ - ERROR - CURSOR_API_KEY missing – cannot analyse email
2026-08-25 06:02:38,842 - __main__ - INFO - Email from Kleber Garcia Alcatrao <notifications@github.com> flagged for human review (priority=high)
2026-08-25 06:02:38,894 - __main__ - ERROR - CURSOR_API_KEY missing – cannot analyse email
2026-08-25 06:02:38,895 - __main__ - INFO - Email from "Kleber Garcia AlcatrÃƒÂ£o @ Zion Tech Group" <kleber@ziontechgroup.com> flagged for human review (priority=high)
2026-08-25 06:02:38,948 - __main__ - ERROR - CURSOR_API_KEY missing – cannot analyse email
2026-08-25 06:02:38,948 - __main__ - INFO - Email from "Dooray!" <noreply@dooray.com> flagged for human review (priority=high)
2026-08-25 06:02:39,002 - __main__ - ERROR - CURSOR_API_KEY missing – cannot analyse email
2026-08-25 06:02:39,002 - __main__ - INFO - Email from "Kleber Garcia AlcatrÃƒÂ£o @ Zion Tech Group" <kleber@ziontechgroup.com> flagged for human review (priority=high)
2026-08-25 06:02:39,056 - __main__ - ERROR - CURSOR_API_KEY missing – cannot analyse email
2026-08-25 06:02:39,056 - __main__ - INFO - Email from Kleber Garcia Alcatrao <notifications@github.com> flagged for human review (priority=high)
2026-08-25 06:02:39,109 - __main__ - ERROR - CURSOR_API_KEY missing – cannot analyse email
2026-08-25 06:02:39,109 - __main__ - INFO - Email from "Kleber Garcia AlcatrÃƒÂ£o @ Zion Tech Group" <kleber@ziontechgroup.com> flagged for human review (priority=high)
2026-08-25 06:02:39,162 - __main__ - ERROR - CURSOR_API_KEY missing – cannot analyse email
2026-08-25 06:02:39,163 - __main__ - INFO - Email from "Kleber Garcia AlcatrÃƒÂ£o @ Zion Tech Group" <kleber@ziontechgroup.com> flagged for human review (priority=high)
2026-08-25 06:02:39,216 - __main__ - ERROR - CURSOR_API_KEY missing – cannot analyse email
2026-08-25 06:02:39,217 - __main__ - INFO - Email from "Dooray!" <noreply@dooray.com> flagged for human review (priority=high)
2026-08-25 06:02:39,270 - __main__ - ERROR - CURSOR_API_KEY missing – cannot analyse email
2026-08-25 06:02:39,270 - __main__ - INFO - Email from "Kleber Garcia AlcatrÃƒÂ£o @ Zion Tech Group" <kleber@ziontechgroup.com> flagged for human review (priority=high)
2026-08-25 06:02:39,324 - __main__ - ERROR - CURSOR_API_KEY missing – cannot analyse email
2026-08-25 06:02:39,325 - __main__ - INFO - Email from "Kleber Garcia AlcatrÃƒÂ£o @ Zion Tech Group" <kleber@ziontechgroup.com> flagged for human review (priority=high)
2026-08-25 06:02:39,379 - __main__ - ERROR - CURSOR_API_KEY missing – cannot analyse email
2026-08-25 06:02:39,379 - __main__ - INFO - Email from Kleber Garcia Alcatrao <notifications@github.com> flagged for human review (priority=high)
2026-08-25 06:09:00,988 - __main__ - WARNING - CURSOR_API_KEY not set – GPT‑4 calls will fail
2026-08-25 06:09:18,010 - __main__ - INFO - Fetched 20 unread emails
2026-08-25 06:09:18,011 - __main__ - ERROR - CURSOR_API_KEY missing – cannot analyse email
2026-08-25 06:09:18,011 - __main__ - INFO - Email from "github-actions[bot]" <notifications@github.com> flagged for human review (priority=high)
2026-08-25 06:09:18,062 - __main__ - ERROR - CURSOR_API_KEY missing – cannot analyse email
2026-08-25 06:09:18,063 - __main__ - INFO - Email from Kleber Garcia Alcatrao <notifications@github.com> flagged for human review (priority=high)
2026-08-25 06:09:18,114 - __main__ - ERROR - CURSOR_API_KEY missing – cannot analyse email
2026-08-25 06:09:18,114 - __main__ - INFO - Email from Kleber Garcia Alcatrao <notifications@github.com> flagged for human review (priority=high)
2026-08-25 06:09:18,166 - __main__ - ERROR - CURSOR_API_KEY missing – cannot analyse email
2026-08-25 06:09:18,166 - __main__ - INFO - Email from "Kleber Garcia AlcatrÃƒÂ£o @ Zion Tech Group" <kleber@ziontechgroup.com> flagged for human review (priority=high)
2026-08-25 06:09:18,217 - __main__ - ERROR - CURSOR_API_KEY missing – cannot analyse email
2026-08-25 06:09:18,218 - __main__ - INFO - Email from "Kleber Garcia AlcatrÃƒÂ£o @ Zion Tech Group" <kleber@ziontechgroup.com> flagged for human review (priority=high)
2026-08-25 06:09:18,270 - __main__ - ERROR - CURSOR_API_KEY missing – cannot analyse email
2026-08-25 06:09:18,270 - __main__ - INFO - Email from "Dooray!" <noreply@dooray.com> flagged for human review (priority=high)
2026-08-25 06:09:18,321 - __main__ - ERROR - CURSOR_API_KEY missing – cannot analyse email
2026-08-25 06:09:18,321 - __main__ - INFO - Email from "Kleber Garcia AlcatrÃƒÂ£o @ Zion Tech Group" <kleber@ziontechgroup.com> flagged for human review (priority=high)
2026-08-25 06:09:18,373 - __main__ - ERROR - CURSOR_API_KEY missing – cannot analyse email
2026-08-25 06:09:18,373 - __main__ - INFO - Email from Kleber Garcia Alcatrao <notifications@github.com> flagged for human review (priority=high)
2026-08-25 06:09:18,424 - __main__ - ERROR - CURSOR_API_KEY missing – cannot analyse email
2026-08-25 06:09:18,424 - __main__ - INFO - Email from Kleber Garcia Alcatrao <notifications@github.com> flagged for human review (priority=high)
2026-08-25 06:09:18,515 - __main__ - ERROR - CURSOR_API_KEY missing – cannot analyse email
2026-08-25 06:09:18,515 - __main__ - INFO - Email from Kleber Garcia Alcatrao <notifications@github.com> flagged for human review (priority=high)
2026-08-25 06:09:18,567 - __main__ - ERROR - CURSOR_API_KEY missing – cannot analyse email
2026-08-25 06:09:18,567 - __main__ - INFO - Email from Kleber Garcia Alcatrao <notifications@github.com> flagged for human review (priority=high)
2026-08-25 06:09:18,618 - __main__ - ERROR - CURSOR_API_KEY missing – cannot analyse email
2026-08-25 06:09:18,619 - __main__ - INFO - Email from Kleber Garcia Alcatrao <notifications@github.com> flagged for human review (priority=high)
2026-08-25 06:09:18,669 - __main__ - ERROR - CURSOR_API_KEY missing – cannot analyse email
2026-08-25 06:09:18,669 - __main__ - INFO - Email from "Kleber Garcia AlcatrÃƒÂ£o @ Zion Tech Group" <kleber@ziontechgroup.com> flagged for human review (priority=high)
2026-08-25 06:09:18,719 - __main__ - ERROR - CURSOR_API_KEY missing – cannot analyse email
2026-08-25 06:09:18,720 - __main__ - INFO - Email from "Dooray!" <noreply@dooray.com> flagged for human review (priority=high)
2026-08-25 06:09:18,770 - __main__ - ERROR - CURSOR_API_KEY missing – cannot analyse email
2026-08-25 06:09:18,770 - __main__ - INFO - Email from "Kleber Garcia AlcatrÃƒÂ£o @ Zion Tech Group" <kleber@ziontechgroup.com> flagged for human review (priority=high)
2026-08-25 06:09:18,820 - __main__ - ERROR - CURSOR_API_KEY missing – cannot analyse email
2026-08-25 06:09:18,820 - __main__ - INFO - Email from Kleber Garcia Alcatrao <notifications@github.com> flagged for human review (priority=high)
2026-08-25 06:09:18,871 - __main__ - ERROR - CURSOR_API_KEY missing – cannot analyse email
2026-08-25 06:09:18,871 - __main__ - INFO - Email from "Kleber Garcia AlcatrÃƒÂ£o @ Zion Tech Group" <kleber@ziontechgroup.com> flagged for human review (priority=high)
2026-08-25 06:09:18,922 - __main__ - ERROR - CURSOR_API_KEY missing – cannot analyse email
2026-08-25 06:09:18,922 - __main__ - INFO - Email from "Kleber Garcia AlcatrÃƒÂ£o @ Zion Tech Group" <kleber@ziontechgroup.com> flagged for human review (priority=high)
2026-08-25 06:09:18,973 - __main__ - ERROR - CURSOR_API_KEY missing – cannot analyse email
2026-08-25 06:09:18,973 - __main__ - INFO - Email from "Dooray!" <noreply@dooray.com> flagged for human review (priority=high)
2026-08-25 06:09:19,023 - __main__ - ERROR - CURSOR_API_KEY missing – cannot analyse email
2026-08-25 06:09:19,023 - __main__ - INFO - Email from "Kleber Garcia AlcatrÃƒÂ£o @ Zion Tech Group" <kleber@ziontechgroup.com> flagged for human review (priority=high)
2026-08-25 06:14:28,822 - __main__ - WARNING - CURSOR_API_KEY not set – GPT‑4 calls will fail
2026-08-25 06:14:45,767 - __main__ - INFO - Fetched 20 unread emails
2026-08-25 06:14:45,767 - __main__ - ERROR - CURSOR_API_KEY missing – cannot analyse email
2026-08-25 06:14:45,768 - __main__ - INFO - Email from Kleber Garcia Alcatrao <notifications@github.com> flagged for human review (priority=high)
2026-08-25 06:14:45,820 - __main__ - ERROR - CURSOR_API_KEY missing – cannot analyse email
2026-08-25 06:14:45,820 - __main__ - INFO - Email from Kleber Garcia Alcatrao <notifications@github.com> flagged for human review (priority=high)
2026-08-25 06:14:45,872 - __main__ - ERROR - CURSOR_API_KEY missing – cannot analyse email
2026-08-25 06:14:45,872 - __main__ - INFO - Email from "github-actions[bot]" <notifications@github.com> flagged for human review (priority=high)
2026-08-25 06:14:45,925 - __main__ - ERROR - CURSOR_API_KEY missing – cannot analyse email
2026-08-25 06:14:45,925 - __main__ - INFO - Email from Kleber Garcia Alcatrao <notifications@github.com> flagged for human review (priority=high)
2026-08-25 06:14:45,978 - __main__ - ERROR - CURSOR_API_KEY missing – cannot analyse email
2026-08-25 06:14:45,978 - __main__ - INFO - Email from Kleber Garcia Alcatrao <notifications@github.com> flagged for human review (priority=high)
2026-08-25 06:14:46,030 - __main__ - ERROR - CURSOR_API_KEY missing – cannot analyse email
2026-08-25 06:14:46,031 - __main__ - INFO - Email from "Kleber Garcia AlcatrÃƒÂ£o @ Zion Tech Group" <kleber@ziontechgroup.com> flagged for human review (priority=high)
2026-08-25 06:14:46,083 - __main__ - ERROR - CURSOR_API_KEY missing – cannot analyse email
2026-08-25 06:14:46,083 - __main__ - INFO - Email from "Kleber Garcia AlcatrÃƒÂ£o @ Zion Tech Group" <kleber@ziontechgroup.com> flagged for human review (priority=high)
2026-08-25 06:14:46,135 - __main__ - ERROR - CURSOR_API_KEY missing – cannot analyse email
2026-08-25 06:14:46,136 - __main__ - INFO - Email from "Dooray!" <noreply@dooray.com> flagged for human review (priority=high)
2026-08-25 06:14:46,189 - __main__ - ERROR - CURSOR_API_KEY missing – cannot analyse email
2026-08-25 06:14:46,189 - __main__ - INFO - Email from "Kleber Garcia AlcatrÃƒÂ£o @ Zion Tech Group" <kleber@ziontechgroup.com> flagged for human review (priority=high)
2026-08-25 06:14:46,242 - __main__ - ERROR - CURSOR_API_KEY missing – cannot analyse email
2026-08-25 06:14:46,242 - __main__ - INFO - Email from Kleber Garcia Alcatrao <notifications@github.com> flagged for human review (priority=high)
2026-08-25 06:14:46,295 - __main__ - ERROR - CURSOR_API_KEY missing – cannot analyse email
2026-08-25 06:14:46,295 - __main__ - INFO - Email from Kleber Garcia Alcatrao <notifications@github.com> flagged for human review (priority=high)
2026-08-25 06:14:46,348 - __main__ - ERROR - CURSOR_API_KEY missing – cannot analyse email
2026-08-25 06:14:46,348 - __main__ - INFO - Email from Kleber Garcia Alcatrao <notifications@github.com> flagged for human review (priority=high)
2026-08-25 06:14:46,403 - __main__ - ERROR - CURSOR_API_KEY missing – cannot analyse email
2026-08-25 06:14:46,403 - __main__ - INFO - Email from Kleber Garcia Alcatrao <notifications@github.com> flagged for human review (priority=high)
2026-08-25 06:14:46,457 - __main__ - ERROR - CURSOR_API_KEY missing – cannot analyse email
2026-08-25 06:14:46,457 - __main__ - INFO - Email from Kleber Garcia Alcatrao <notifications@github.com> flagged for human review (priority=high)
2026-08-25 06:14:46,510 - __main__ - ERROR - CURSOR_API_KEY missing – cannot analyse email
2026-08-25 06:14:46,510 - __main__ - INFO - Email from "Kleber Garcia AlcatrÃƒÂ£o @ Zion Tech Group" <kleber@ziontechgroup.com> flagged for human review (priority=high)
2026-08-25 06:14:46,563 - __main__ - ERROR - CURSOR_API_KEY missing – cannot analyse email
2026-08-25 06:14:46,564 - __main__ - INFO - Email from "Dooray!" <noreply@dooray.com> flagged for human review (priority=high)
2026-08-25 06:14:46,615 - __main__ - ERROR - CURSOR_API_KEY missing – cannot analyse email
2026-08-25 06:14:46,616 - __main__ - INFO - Email from "Kleber Garcia AlcatrÃƒÂ£o @ Zion Tech Group" <kleber@ziontechgroup.com> flagged for human review (priority=high)
2026-08-25 06:14:46,668 - __main__ - ERROR - CURSOR_API_KEY missing – cannot analyse email
2026-08-25 06:14:46,668 - __main__ - INFO - Email from Kleber Garcia Alcatrao <notifications@github.com> flagged for human review (priority=high)
2026-08-25 06:14:46,721 - __main__ - ERROR - CURSOR_API_KEY missing – cannot analyse email
2026-08-25 06:14:46,722 - __main__ - INFO - Email from "Kleber Garcia AlcatrÃƒÂ£o @ Zion Tech Group" <kleber@ziontechgroup.com> flagged for human review (priority=high)
2026-08-25 06:14:46,774 - __main__ - ERROR - CURSOR_API_KEY missing – cannot analyse email
2026-08-25 06:14:46,774 - __main__ - INFO - Email from "Kleber Garcia AlcatrÃƒÂ£o @ Zion Tech Group" <kleber@ziontechgroup.com> flagged for human review (priority=high)
2026-08-25 06:19:54,092 - __main__ - WARNING - CURSOR_API_KEY not set – GPT‑4 calls will fail
2026-08-25 06:20:11,303 - __main__ - INFO - Fetched 20 unread emails
2026-08-25 06:20:11,304 - __main__ - ERROR - CURSOR_API_KEY missing – cannot analyse email
2026-08-25 06:20:11,304 - __main__ - INFO - Email from Kleber Garcia Alcatrao <notifications@github.com> flagged for human review (priority=high)
2026-08-25 06:20:11,357 - __main__ - ERROR - CURSOR_API_KEY missing – cannot analyse email
2026-08-25 06:20:11,357 - __main__ - INFO - Email from Kleber Garcia Alcatrao <notifications@github.com> flagged for human review (priority=high)
2026-08-25 06:20:11,410 - __main__ - ERROR - CURSOR_API_KEY missing – cannot analyse email
2026-08-25 06:20:11,411 - __main__ - INFO - Email from Kleber Garcia Alcatrao <notifications@github.com> flagged for human review (priority=high)
2026-08-25 06:20:11,464 - __main__ - ERROR - CURSOR_API_KEY missing – cannot analyse email
2026-08-25 06:20:11,464 - __main__ - INFO - Email from Kleber Garcia Alcatrao <notifications@github.com> flagged for human review (priority=high)
2026-08-25 06:20:11,517 - __main__ - ERROR - CURSOR_API_KEY missing – cannot analyse email
2026-08-25 06:20:11,518 - __main__ - INFO - Email from "github-actions[bot]" <notifications@github.com> flagged for human review (priority=high)
2026-08-25 06:20:11,570 - __main__ - ERROR - CURSOR_API_KEY missing – cannot analyse email
2026-08-25 06:20:11,571 - __main__ - INFO - Email from Kleber Garcia Alcatrao <notifications@github.com> flagged for human review (priority=high)
2026-08-25 06:20:11,622 - __main__ - ERROR - CURSOR_API_KEY missing – cannot analyse email
2026-08-25 06:20:11,623 - __main__ - INFO - Email from Kleber Garcia Alcatrao <notifications@github.com> flagged for human review (priority=high)
2026-08-25 06:20:11,675 - __main__ - ERROR - CURSOR_API_KEY missing – cannot analyse email
2026-08-25 06:20:11,676 - __main__ - INFO - Email from "Kleber Garcia AlcatrÃƒÂ£o @ Zion Tech Group" <kleber@ziontechgroup.com> flagged for human review (priority=high)
2026-08-25 06:20:11,727 - __main__ - ERROR - CURSOR_API_KEY missing – cannot analyse email
2026-08-25 06:20:11,727 - __main__ - INFO - Email from "Kleber Garcia AlcatrÃƒÂ£o @ Zion Tech Group" <kleber@ziontechgroup.com> flagged for human review (priority=high)
2026-08-25 06:20:11,778 - __main__ - ERROR - CURSOR_API_KEY missing – cannot analyse email
2026-08-25 06:20:11,778 - __main__ - INFO - Email from "Dooray!" <noreply@dooray.com> flagged for human review (priority=high)
2026-08-25 06:20:11,827 - __main__ - ERROR - CURSOR_API_KEY missing – cannot analyse email
2026-08-25 06:20:11,828 - __main__ - INFO - Email from "Kleber Garcia AlcatrÃƒÂ£o @ Zion Tech Group" <kleber@ziontechgroup.com> flagged for human review (priority=high)
2026-08-25 06:20:11,879 - __main__ - ERROR - CURSOR_API_KEY missing – cannot analyse email
2026-08-25 06:20:11,879 - __main__ - INFO - Email from Kleber Garcia Alcatrao <notifications@github.com> flagged for human review (priority=high)
2026-08-25 06:20:11,931 - __main__ - ERROR - CURSOR_API_KEY missing – cannot analyse email
2026-08-25 06:20:11,932 - __main__ - INFO - Email from Kleber Garcia Alcatrao <notifications@github.com> flagged for human review (priority=high)
2026-08-25 06:20:11,986 - __main__ - ERROR - CURSOR_API_KEY missing – cannot analyse email
2026-08-25 06:20:11,986 - __main__ - INFO - Email from Kleber Garcia Alcatrao <notifications@github.com> flagged for human review (priority=high)
2026-08-25 06:20:12,042 - __main__ - ERROR - CURSOR_API_KEY missing – cannot analyse email
2026-08-25 06:20:12,043 - __main__ - INFO - Email from Kleber Garcia Alcatrao <notifications@github.com> flagged for human review (priority=high)
2026-08-25 06:20:12,094 - __main__ - ERROR - CURSOR_API_KEY missing – cannot analyse email
2026-08-25 06:20:12,094 - __main__ - INFO - Email from Kleber Garcia Alcatrao <notifications@github.com> flagged for human review (priority=high)
2026-08-25 06:20:12,145 - __main__ - ERROR - CURSOR_API_KEY missing – cannot analyse email
2026-08-25 06:20:12,145 - __main__ - INFO - Email from "Kleber Garcia AlcatrÃƒÂ£o @ Zion Tech Group" <kleber@ziontechgroup.com> flagged for human review (priority=high)
2026-08-25 06:20:12,196 - __main__ - ERROR - CURSOR_API_KEY missing – cannot analyse email
2026-08-25 06:20:12,197 - __main__ - INFO - Email from "Dooray!" <noreply@dooray.com> flagged for human review (priority=high)
2026-08-25 06:20:12,247 - __main__ - ERROR - CURSOR_API_KEY missing – cannot analyse email
2026-08-25 06:20:12,247 - __main__ - INFO - Email from "Kleber Garcia AlcatrÃƒÂ£o @ Zion Tech Group" <kleber@ziontechgroup.com> flagged for human review (priority=high)
2026-08-25 06:20:12,297 - __main__ - ERROR - CURSOR_API_KEY missing – cannot analyse email
2026-08-25 06:20:12,298 - __main__ - INFO - Email from Kleber Garcia Alcatrao <notifications@github.com> flagged for human review (priority=high)
2026-08-25 06:26:07,179 - __main__ - WARNING - CURSOR_API_KEY not set – GPT‑4 calls will fail
2026-08-25 06:26:23,788 - __main__ - INFO - Fetched 20 unread emails
2026-08-25 06:26:23,789 - __main__ - ERROR - CURSOR_API_KEY missing – cannot analyse email
2026-08-25 06:26:23,789 - __main__ - INFO - Email from "Kleber Garcia AlcatrÃƒÂ£o @ Zion Tech Group" <kleber@ziontechgroup.com> flagged for human review (priority=high)
2026-08-25 06:26:23,841 - __main__ - ERROR - CURSOR_API_KEY missing – cannot analyse email
2026-08-25 06:26:23,842 - __main__ - INFO - Email from "Kleber Garcia AlcatrÃƒÂ£o @ Zion Tech Group" <kleber@ziontechgroup.com> flagged for human review (priority=high)
2026-08-25 06:26:23,894 - __main__ - ERROR - CURSOR_API_KEY missing – cannot analyse email
2026-08-25 06:26:23,894 - __main__ - INFO - Email from "Kleber Garcia AlcatrÃƒÂ£o @ Zion Tech Group" <kleber@ziontechgroup.com> flagged for human review (priority=high)
2026-08-25 06:26:23,946 - __main__ - ERROR - CURSOR_API_KEY missing – cannot analyse email
2026-08-25 06:26:23,946 - __main__ - INFO - Email from "Kleber Garcia AlcatrÃƒÂ£o @ Zion Tech Group" <kleber@ziontechgroup.com> flagged for human review (priority=high)
2026-08-25 06:26:23,997 - __main__ - ERROR - CURSOR_API_KEY missing – cannot analyse email
2026-08-25 06:26:23,997 - __main__ - INFO - Email from "Kleber Garcia AlcatrÃƒÂ£o @ Zion Tech Group" <kleber@ziontechgroup.com> flagged for human review (priority=high)
2026-08-25 06:26:24,048 - __main__ - ERROR - CURSOR_API_KEY missing – cannot analyse email
2026-08-25 06:26:24,048 - __main__ - INFO - Email from "Kleber Garcia AlcatrÃƒÂ£o @ Zion Tech Group" <kleber@ziontechgroup.com> flagged for human review (priority=high)
2026-08-25 06:26:24,100 - __main__ - ERROR - CURSOR_API_KEY missing – cannot analyse email
2026-08-25 06:26:24,100 - __main__ - INFO - Email from "Kleber Garcia AlcatrÃƒÂ£o @ Zion Tech Group" <kleber@ziontechgroup.com> flagged for human review (priority=high)
2026-08-25 06:26:24,151 - __main__ - ERROR - CURSOR_API_KEY missing – cannot analyse email
2026-08-25 06:26:24,151 - __main__ - INFO - Email from "Kleber Garcia AlcatrÃƒÂ£o @ Zion Tech Group" <kleber@ziontechgroup.com> flagged for human review (priority=high)
2026-08-25 06:26:24,202 - __main__ - ERROR - CURSOR_API_KEY missing – cannot analyse email
2026-08-25 06:26:24,202 - __main__ - INFO - Email from "Kleber Garcia AlcatrÃƒÂ£o @ Zion Tech Group" <kleber@ziontechgroup.com> flagged for human review (priority=high)
2026-08-25 06:26:24,254 - __main__ - ERROR - CURSOR_API_KEY missing – cannot analyse email
2026-08-25 06:26:24,254 - __main__ - INFO - Email from "Kleber Garcia AlcatrÃƒÂ£o @ Zion Tech Group" <kleber@ziontechgroup.com> flagged for human review (priority=high)
2026-08-25 06:26:24,305 - __main__ - ERROR - CURSOR_API_KEY missing – cannot analyse email
2026-08-25 06:26:24,306 - __main__ - INFO - Email from "Kleber Garcia AlcatrÃƒÂ£o @ Zion Tech Group" <kleber@ziontechgroup.com> flagged for human review (priority=high)
2026-08-25 06:26:24,402 - __main__ - ERROR - CURSOR_API_KEY missing – cannot analyse email
2026-08-25 06:26:24,403 - __main__ - INFO - Email from Kleber Garcia Alcatrao <notifications@github.com> flagged for human review (priority=high)
2026-08-25 06:26:24,456 - __main__ - ERROR - CURSOR_API_KEY missing – cannot analyse email
2026-08-25 06:26:24,456 - __main__ - INFO - Email from Kleber Garcia Alcatrao <notifications@github.com> flagged for human review (priority=high)
2026-08-25 06:26:24,507 - __main__ - ERROR - CURSOR_API_KEY missing – cannot analyse email
2026-08-25 06:26:24,508 - __main__ - INFO - Email from Kleber Garcia Alcatrao <notifications@github.com> flagged for human review (priority=high)
2026-08-25 06:26:24,559 - __main__ - ERROR - CURSOR_API_KEY missing – cannot analyse email
2026-08-25 06:26:24,559 - __main__ - INFO - Email from Kleber Garcia Alcatrao <notifications@github.com> flagged for human review (priority=high)
2026-08-25 06:26:24,611 - __main__ - ERROR - CURSOR_API_KEY missing – cannot analyse email
2026-08-25 06:26:24,611 - __main__ - INFO - Email from Kleber Garcia Alcatrao <notifications@github.com> flagged for human review (priority=high)
2026-08-25 06:26:24,662 - __main__ - ERROR - CURSOR_API_KEY missing – cannot analyse email
2026-08-25 06:26:24,662 - __main__ - INFO - Email from Kleber Garcia Alcatrao <notifications@github.com> flagged for human review (priority=high)
2026-08-25 06:26:24,712 - __main__ - ERROR - CURSOR_API_KEY missing – cannot analyse email
2026-08-25 06:26:24,713 - __main__ - INFO - Email from "github-actions[bot]" <notifications@github.com> flagged for human review (priority=high)
2026-08-25 06:26:24,763 - __main__ - ERROR - CURSOR_API_KEY missing – cannot analyse email
2026-08-25 06:26:24,763 - __main__ - INFO - Email from Kleber Garcia Alcatrao <notifications@github.com> flagged for human review (priority=high)
2026-08-25 06:26:24,815 - __main__ - ERROR - CURSOR_API_KEY missing – cannot analyse email
2026-08-25 06:26:24,815 - __main__ - INFO - Email from Kleber Garcia Alcatrao <notifications@github.com> flagged for human review (priority=high)
2026-08-25 06:29:37,655 - __main__ - WARNING - CURSOR_API_KEY not set – GPT‑4 calls will fail
2026-08-25 06:29:54,099 - __main__ - INFO - Fetched 20 unread emails
2026-08-25 06:29:54,100 - __main__ - ERROR - CURSOR_API_KEY missing – cannot analyse email
2026-08-25 06:29:54,100 - __main__ - INFO - Email from Kleber Garcia Alcatrao <notifications@github.com> flagged for human review (priority=high)
2026-08-25 06:29:54,152 - __main__ - ERROR - CURSOR_API_KEY missing – cannot analyse email
2026-08-25 06:29:54,153 - __main__ - INFO - Email from "Kleber Garcia AlcatrÃƒÂ£o @ Zion Tech Group" <kleber@ziontechgroup.com> flagged for human review (priority=high)
2026-08-25 06:29:54,204 - __main__ - ERROR - CURSOR_API_KEY missing – cannot analyse email
2026-08-25 06:29:54,204 - __main__ - INFO - Email from "Kleber Garcia AlcatrÃƒÂ£o @ Zion Tech Group" <kleber@ziontechgroup.com> flagged for human review (priority=high)
2026-08-25 06:29:54,256 - __main__ - ERROR - CURSOR_API_KEY missing – cannot analyse email
2026-08-25 06:29:54,256 - __main__ - INFO - Email from "Kleber Garcia AlcatrÃƒÂ£o @ Zion Tech Group" <kleber@ziontechgroup.com> flagged for human review (priority=high)
2026-08-25 06:29:54,307 - __main__ - ERROR - CURSOR_API_KEY missing – cannot analyse email
2026-08-25 06:29:54,307 - __main__ - INFO - Email from "Kleber Garcia AlcatrÃƒÂ£o @ Zion Tech Group" <kleber@ziontechgroup.com> flagged for human review (priority=high)
2026-08-25 06:29:54,358 - __main__ - ERROR - CURSOR_API_KEY missing – cannot analyse email
2026-08-25 06:29:54,358 - __main__ - INFO - Email from "Kleber Garcia AlcatrÃƒÂ£o @ Zion Tech Group" <kleber@ziontechgroup.com> flagged for human review (priority=high)
2026-08-25 06:29:54,449 - __main__ - ERROR - CURSOR_API_KEY missing – cannot analyse email
2026-08-25 06:29:54,450 - __main__ - INFO - Email from "Kleber Garcia AlcatrÃƒÂ£o @ Zion Tech Group" <kleber@ziontechgroup.com> flagged for human review (priority=high)
2026-08-25 06:29:54,499 - __main__ - ERROR - CURSOR_API_KEY missing – cannot analyse email
2026-08-25 06:29:54,499 - __main__ - INFO - Email from "Kleber Garcia AlcatrÃƒÂ£o @ Zion Tech Group" <kleber@ziontechgroup.com> flagged for human review (priority=high)
2026-08-25 06:29:54,554 - __main__ - ERROR - CURSOR_API_KEY missing – cannot analyse email
2026-08-25 06:29:54,554 - __main__ - INFO - Email from "Kleber Garcia AlcatrÃƒÂ£o @ Zion Tech Group" <kleber@ziontechgroup.com> flagged for human review (priority=high)
2026-08-25 06:29:54,606 - __main__ - ERROR - CURSOR_API_KEY missing – cannot analyse email
2026-08-25 06:29:54,606 - __main__ - INFO - Email from "Kleber Garcia AlcatrÃƒÂ£o @ Zion Tech Group" <kleber@ziontechgroup.com> flagged for human review (priority=high)
2026-08-25 06:29:54,658 - __main__ - ERROR - CURSOR_API_KEY missing – cannot analyse email
2026-08-25 06:29:54,658 - __main__ - INFO - Email from "Kleber Garcia AlcatrÃƒÂ£o @ Zion Tech Group" <kleber@ziontechgroup.com> flagged for human review (priority=high)
2026-08-25 06:29:54,709 - __main__ - ERROR - CURSOR_API_KEY missing – cannot analyse email
2026-08-25 06:29:54,710 - __main__ - INFO - Email from "Kleber Garcia AlcatrÃƒÂ£o @ Zion Tech Group" <kleber@ziontechgroup.com> flagged for human review (priority=high)
2026-08-25 06:29:54,761 - __main__ - ERROR - CURSOR_API_KEY missing – cannot analyse email
2026-08-25 06:29:54,761 - __main__ - INFO - Email from Kleber Garcia Alcatrao <notifications@github.com> flagged for human review (priority=high)
2026-08-25 06:29:54,814 - __main__ - ERROR - CURSOR_API_KEY missing – cannot analyse email
2026-08-25 06:29:54,815 - __main__ - INFO - Email from Kleber Garcia Alcatrao <notifications@github.com> flagged for human review (priority=high)
2026-08-25 06:29:54,867 - __main__ - ERROR - CURSOR_API_KEY missing – cannot analyse email
2026-08-25 06:29:54,867 - __main__ - INFO - Email from Kleber Garcia Alcatrao <notifications@github.com> flagged for human review (priority=high)
2026-08-25 06:29:54,960 - __main__ - ERROR - CURSOR_API_KEY missing – cannot analyse email
2026-08-25 06:29:54,960 - __main__ - INFO - Email from Kleber Garcia Alcatrao <notifications@github.com> flagged for human review (priority=high)
2026-08-25 06:29:55,011 - __main__ - ERROR - CURSOR_API_KEY missing – cannot analyse email
2026-08-25 06:29:55,012 - __main__ - INFO - Email from Kleber Garcia Alcatrao <notifications@github.com> flagged for human review (priority=high)
2026-08-25 06:29:55,063 - __main__ - ERROR - CURSOR_API_KEY missing – cannot analyse email
2026-08-25 06:29:55,063 - __main__ - INFO - Email from Kleber Garcia Alcatrao <notifications@github.com> flagged for human review (priority=high)
2026-08-25 06:29:55,113 - __main__ - ERROR - CURSOR_API_KEY missing – cannot analyse email
2026-08-25 06:29:55,114 - __main__ - INFO - Email from "github-actions[bot]" <notifications@github.com> flagged for human review (priority=high)
2026-08-25 06:29:55,164 - __main__ - ERROR - CURSOR_API_KEY missing – cannot analyse email
2026-08-25 06:29:55,165 - __main__ - INFO - Email from Kleber Garcia Alcatrao <notifications@github.com> flagged for human review (priority=high)
2026-08-25 06:35:29,003 - __main__ - WARNING - CURSOR_API_KEY not set – GPT‑4 calls will fail
2026-08-25 06:35:45,344 - __main__ - INFO - Fetched 20 unread emails
2026-08-25 06:35:45,345 - __main__ - ERROR - CURSOR_API_KEY missing – cannot analyse email
2026-08-25 06:35:45,345 - __main__ - INFO - Email from Kleber Garcia Alcatrao <notifications@github.com> flagged for human review (priority=high)
2026-08-25 06:35:45,397 - __main__ - ERROR - CURSOR_API_KEY missing – cannot analyse email
2026-08-25 06:35:45,398 - __main__ - INFO - Email from "Kleber Garcia AlcatrÃƒÂ£o @ Zion Tech Group" <kleber@ziontechgroup.com> flagged for human review (priority=high)
2026-08-25 06:35:45,449 - __main__ - ERROR - CURSOR_API_KEY missing – cannot analyse email
2026-08-25 06:35:45,449 - __main__ - INFO - Email from "Kleber Garcia AlcatrÃƒÂ£o @ Zion Tech Group" <kleber@ziontechgroup.com> flagged for human review (priority=high)
2026-08-25 06:35:45,502 - __main__ - ERROR - CURSOR_API_KEY missing – cannot analyse email
2026-08-25 06:35:45,502 - __main__ - INFO - Email from "Kleber Garcia AlcatrÃƒÂ£o @ Zion Tech Group" <kleber@ziontechgroup.com> flagged for human review (priority=high)
2026-08-25 06:35:45,555 - __main__ - ERROR - CURSOR_API_KEY missing – cannot analyse email
2026-08-25 06:35:45,555 - __main__ - INFO - Email from "Kleber Garcia AlcatrÃƒÂ£o @ Zion Tech Group" <kleber@ziontechgroup.com> flagged for human review (priority=high)
2026-08-25 06:35:45,606 - __main__ - ERROR - CURSOR_API_KEY missing – cannot analyse email
2026-08-25 06:35:45,607 - __main__ - INFO - Email from "Kleber Garcia AlcatrÃƒÂ£o @ Zion Tech Group" <kleber@ziontechgroup.com> flagged for human review (priority=high)
2026-08-25 06:35:45,658 - __main__ - ERROR - CURSOR_API_KEY missing – cannot analyse email
2026-08-25 06:35:45,658 - __main__ - INFO - Email from "Kleber Garcia AlcatrÃƒÂ£o @ Zion Tech Group" <kleber@ziontechgroup.com> flagged for human review (priority=high)
2026-08-25 06:35:45,709 - __main__ - ERROR - CURSOR_API_KEY missing – cannot analyse email
2026-08-25 06:35:45,710 - __main__ - INFO - Email from "Kleber Garcia AlcatrÃƒÂ£o @ Zion Tech Group" <kleber@ziontechgroup.com> flagged for human review (priority=high)
2026-08-25 06:35:45,761 - __main__ - ERROR - CURSOR_API_KEY missing – cannot analyse email
2026-08-25 06:35:45,761 - __main__ - INFO - Email from "Kleber Garcia AlcatrÃƒÂ£o @ Zion Tech Group" <kleber@ziontechgroup.com> flagged for human review (priority=high)
2026-08-25 06:35:45,813 - __main__ - ERROR - CURSOR_API_KEY missing – cannot analyse email
2026-08-25 06:35:45,814 - __main__ - INFO - Email from "Kleber Garcia AlcatrÃƒÂ£o @ Zion Tech Group" <kleber@ziontechgroup.com> flagged for human review (priority=high)
2026-08-25 06:35:45,866 - __main__ - ERROR - CURSOR_API_KEY missing – cannot analyse email
2026-08-25 06:35:45,867 - __main__ - INFO - Email from "Kleber Garcia AlcatrÃƒÂ£o @ Zion Tech Group" <kleber@ziontechgroup.com> flagged for human review (priority=high)
2026-08-25 06:35:45,918 - __main__ - ERROR - CURSOR_API_KEY missing – cannot analyse email
2026-08-25 06:35:45,919 - __main__ - INFO - Email from "Kleber Garcia AlcatrÃƒÂ£o @ Zion Tech Group" <kleber@ziontechgroup.com> flagged for human review (priority=high)
2026-08-25 06:35:45,971 - __main__ - ERROR - CURSOR_API_KEY missing – cannot analyse email
2026-08-25 06:35:45,971 - __main__ - INFO - Email from "Kleber Garcia AlcatrÃƒÂ£o @ Zion Tech Group" <kleber@ziontechgroup.com> flagged for human review (priority=high)
2026-08-25 06:35:46,023 - __main__ - ERROR - CURSOR_API_KEY missing – cannot analyse email
2026-08-25 06:35:46,024 - __main__ - INFO - Email from "Kleber Garcia AlcatrÃƒÂ£o @ Zion Tech Group" <kleber@ziontechgroup.com> flagged for human review (priority=high)
2026-08-25 06:35:46,075 - __main__ - ERROR - CURSOR_API_KEY missing – cannot analyse email
2026-08-25 06:35:46,075 - __main__ - INFO - Email from "Kleber Garcia AlcatrÃƒÂ£o @ Zion Tech Group" <kleber@ziontechgroup.com> flagged for human review (priority=high)
2026-08-25 06:35:46,128 - __main__ - ERROR - CURSOR_API_KEY missing – cannot analyse email
2026-08-25 06:35:46,128 - __main__ - INFO - Email from "Kleber Garcia AlcatrÃƒÂ£o @ Zion Tech Group" <kleber@ziontechgroup.com> flagged for human review (priority=high)
2026-08-25 06:35:46,180 - __main__ - ERROR - CURSOR_API_KEY missing – cannot analyse email
2026-08-25 06:35:46,181 - __main__ - INFO - Email from "Kleber Garcia AlcatrÃƒÂ£o @ Zion Tech Group" <kleber@ziontechgroup.com> flagged for human review (priority=high)
2026-08-25 06:35:46,233 - __main__ - ERROR - CURSOR_API_KEY missing – cannot analyse email
2026-08-25 06:35:46,233 - __main__ - INFO - Email from "Kleber Garcia AlcatrÃƒÂ£o @ Zion Tech Group" <kleber@ziontechgroup.com> flagged for human review (priority=high)
2026-08-25 06:35:46,285 - __main__ - ERROR - CURSOR_API_KEY missing – cannot analyse email
2026-08-25 06:35:46,286 - __main__ - INFO - Email from "Kleber Garcia AlcatrÃƒÂ£o @ Zion Tech Group" <kleber@ziontechgroup.com> flagged for human review (priority=high)
2026-08-25 06:35:46,339 - __main__ - ERROR - CURSOR_API_KEY missing – cannot analyse email
2026-08-25 06:35:46,340 - __main__ - INFO - Email from "Kleber Garcia AlcatrÃƒÂ£o @ Zion Tech Group" <kleber@ziontechgroup.com> flagged for human review (priority=high)
2026-08-25 06:44:53,412 - __main__ - WARNING - CURSOR_API_KEY not set – GPT‑4 calls will fail
2026-08-25 06:45:10,027 - __main__ - INFO - Fetched 20 unread emails
2026-08-25 06:45:10,028 - __main__ - ERROR - CURSOR_API_KEY missing – cannot analyse email
2026-08-25 06:45:10,028 - __main__ - INFO - Email from Kleber Garcia Alcatrao <notifications@github.com> flagged for human review (priority=high)
2026-08-25 06:45:10,081 - __main__ - ERROR - CURSOR_API_KEY missing – cannot analyse email
2026-08-25 06:45:10,082 - __main__ - INFO - Email from Kleber Garcia Alcatrao <notifications@github.com> flagged for human review (priority=high)
2026-08-25 06:45:10,132 - __main__ - ERROR - CURSOR_API_KEY missing – cannot analyse email
2026-08-25 06:45:10,132 - __main__ - INFO - Email from Kleber Garcia Alcatrao <notifications@github.com> flagged for human review (priority=high)
2026-08-25 06:45:10,183 - __main__ - ERROR - CURSOR_API_KEY missing – cannot analyse email
2026-08-25 06:45:10,184 - __main__ - INFO - Email from Kleber Garcia Alcatrao <notifications@github.com> flagged for human review (priority=high)
2026-08-25 06:45:10,234 - __main__ - ERROR - CURSOR_API_KEY missing – cannot analyse email
2026-08-25 06:45:10,235 - __main__ - INFO - Email from Kleber Garcia Alcatrao <notifications@github.com> flagged for human review (priority=high)
2026-08-25 06:45:10,287 - __main__ - ERROR - CURSOR_API_KEY missing – cannot analyse email
2026-08-25 06:45:10,287 - __main__ - INFO - Email from Kleber Garcia Alcatrao <notifications@github.com> flagged for human review (priority=high)
2026-08-25 06:45:10,340 - __main__ - ERROR - CURSOR_API_KEY missing – cannot analyse email
2026-08-25 06:45:10,340 - __main__ - INFO - Email from Kleber Garcia Alcatrao <notifications@github.com> flagged for human review (priority=high)
2026-08-25 06:45:10,433 - __main__ - ERROR - CURSOR_API_KEY missing – cannot analyse email
2026-08-25 06:45:10,434 - __main__ - INFO - Email from Kleber Garcia Alcatrao <notifications@github.com> flagged for human review (priority=high)
2026-08-25 06:45:10,537 - __main__ - ERROR - CURSOR_API_KEY missing – cannot analyse email
2026-08-25 06:45:10,537 - __main__ - INFO - Email from Kleber Garcia Alcatrao <notifications@github.com> flagged for human review (priority=high)
2026-08-25 06:45:10,589 - __main__ - ERROR - CURSOR_API_KEY missing – cannot analyse email
2026-08-25 06:45:10,590 - __main__ - INFO - Email from Kleber Garcia Alcatrao <notifications@github.com> flagged for human review (priority=high)
2026-08-25 06:45:10,641 - __main__ - ERROR - CURSOR_API_KEY missing – cannot analyse email
2026-08-25 06:45:10,642 - __main__ - INFO - Email from Kleber Garcia Alcatrao <notifications@github.com> flagged for human review (priority=high)
2026-08-25 06:45:10,693 - __main__ - ERROR - CURSOR_API_KEY missing – cannot analyse email
2026-08-25 06:45:10,693 - __main__ - INFO - Email from Kleber Garcia Alcatrao <notifications@github.com> flagged for human review (priority=high)
2026-08-25 06:45:10,744 - __main__ - ERROR - CURSOR_API_KEY missing – cannot analyse email
2026-08-25 06:45:10,744 - __main__ - INFO - Email from Kleber Garcia Alcatrao <notifications@github.com> flagged for human review (priority=high)
2026-08-25 06:45:10,795 - __main__ - ERROR - CURSOR_API_KEY missing – cannot analyse email
2026-08-25 06:45:10,795 - __main__ - INFO - Email from Kleber Garcia Alcatrao <notifications@github.com> flagged for human review (priority=high)
2026-08-25 06:45:10,846 - __main__ - ERROR - CURSOR_API_KEY missing – cannot analyse email
2026-08-25 06:45:10,846 - __main__ - INFO - Email from "Kleber Garcia AlcatrÃƒÂ£o @ Zion Tech Group" <kleber@ziontechgroup.com> flagged for human review (priority=high)
2026-08-25 06:45:10,897 - __main__ - ERROR - CURSOR_API_KEY missing – cannot analyse email
2026-08-25 06:45:10,898 - __main__ - INFO - Email from "Dooray!" <noreply@dooray.com> flagged for human review (priority=high)
2026-08-25 06:45:10,948 - __main__ - ERROR - CURSOR_API_KEY missing – cannot analyse email
2026-08-25 06:45:10,949 - __main__ - INFO - Email from "Kleber Garcia AlcatrÃƒÂ£o @ Zion Tech Group" <kleber@ziontechgroup.com> flagged for human review (priority=high)
2026-08-25 06:45:11,000 - __main__ - ERROR - CURSOR_API_KEY missing – cannot analyse email
2026-08-25 06:45:11,000 - __main__ - INFO - Email from "Kleber Garcia AlcatrÃƒÂ£o @ Zion Tech Group" <kleber@ziontechgroup.com> flagged for human review (priority=high)
2026-08-25 06:45:11,051 - __main__ - ERROR - CURSOR_API_KEY missing – cannot analyse email
2026-08-25 06:45:11,052 - __main__ - INFO - Email from Kleber Garcia Alcatrao <notifications@github.com> flagged for human review (priority=high)
2026-08-25 06:45:11,103 - __main__ - ERROR - CURSOR_API_KEY missing – cannot analyse email
2026-08-25 06:45:11,103 - __main__ - INFO - Email from Kleber Garcia Alcatrao <notifications@github.com> flagged for human review (priority=high)
2026-08-25 06:48:35,291 - __main__ - WARNING - CURSOR_API_KEY not set – GPT‑4 calls will fail
2026-08-25 06:48:51,878 - __main__ - INFO - Fetched 20 unread emails
2026-08-25 06:48:51,878 - __main__ - ERROR - CURSOR_API_KEY missing – cannot analyse email
2026-08-25 06:48:51,879 - __main__ - INFO - Email from Kleber Garcia Alcatrao <notifications@github.com> flagged for human review (priority=high)
2026-08-25 06:48:51,929 - __main__ - ERROR - CURSOR_API_KEY missing – cannot analyse email
2026-08-25 06:48:51,930 - __main__ - INFO - Email from Kleber Garcia Alcatrao <notifications@github.com> flagged for human review (priority=high)
2026-08-25 06:48:51,980 - __main__ - ERROR - CURSOR_API_KEY missing – cannot analyse email
2026-08-25 06:48:51,980 - __main__ - INFO - Email from Kleber Garcia Alcatrao <notifications@github.com> flagged for human review (priority=high)
2026-08-25 06:48:52,031 - __main__ - ERROR - CURSOR_API_KEY missing – cannot analyse email
2026-08-25 06:48:52,031 - __main__ - INFO - Email from "github-actions[bot]" <notifications@github.com> flagged for human review (priority=high)
2026-08-25 06:48:52,081 - __main__ - ERROR - CURSOR_API_KEY missing – cannot analyse email
2026-08-25 06:48:52,082 - __main__ - INFO - Email from Kleber Garcia Alcatrao <notifications@github.com> flagged for human review (priority=high)
2026-08-25 06:48:52,133 - __main__ - ERROR - CURSOR_API_KEY missing – cannot analyse email
2026-08-25 06:48:52,133 - __main__ - INFO - Email from Kleber Garcia Alcatrao <notifications@github.com> flagged for human review (priority=high)
2026-08-25 06:48:52,183 - __main__ - ERROR - CURSOR_API_KEY missing – cannot analyse email
2026-08-25 06:48:52,184 - __main__ - INFO - Email from Kleber Garcia Alcatrao <notifications@github.com> flagged for human review (priority=high)
2026-08-25 06:48:52,234 - __main__ - ERROR - CURSOR_API_KEY missing – cannot analyse email
2026-08-25 06:48:52,234 - __main__ - INFO - Email from Kleber Garcia Alcatrao <notifications@github.com> flagged for human review (priority=high)
2026-08-25 06:48:52,284 - __main__ - ERROR - CURSOR_API_KEY missing – cannot analyse email
2026-08-25 06:48:52,285 - __main__ - INFO - Email from Kleber Garcia Alcatrao <notifications@github.com> flagged for human review (priority=high)
2026-08-25 06:48:52,336 - __main__ - ERROR - CURSOR_API_KEY missing – cannot analyse email
2026-08-25 06:48:52,336 - __main__ - INFO - Email from Kleber Garcia Alcatrao <notifications@github.com> flagged for human review (priority=high)
2026-08-25 06:48:52,387 - __main__ - ERROR - CURSOR_API_KEY missing – cannot analyse email
2026-08-25 06:48:52,387 - __main__ - INFO - Email from Kleber Garcia Alcatrao <notifications@github.com> flagged for human review (priority=high)
2026-08-25 06:48:52,436 - __main__ - ERROR - CURSOR_API_KEY missing – cannot analyse email
2026-08-25 06:48:52,436 - __main__ - INFO - Email from Kleber Garcia Alcatrao <notifications@github.com> flagged for human review (priority=high)
2026-08-25 06:48:52,486 - __main__ - ERROR - CURSOR_API_KEY missing – cannot analyse email
2026-08-25 06:48:52,486 - __main__ - INFO - Email from Kleber Garcia Alcatrao <notifications@github.com> flagged for human review (priority=high)
2026-08-25 06:48:52,578 - __main__ - ERROR - CURSOR_API_KEY missing – cannot analyse email
2026-08-25 06:48:52,578 - __main__ - INFO - Email from Kleber Garcia Alcatrao <notifications@github.com> flagged for human review (priority=high)
2026-08-25 06:48:52,629 - __main__ - ERROR - CURSOR_API_KEY missing – cannot analyse email
2026-08-25 06:48:52,629 - __main__ - INFO - Email from Kleber Garcia Alcatrao <notifications@github.com> flagged for human review (priority=high)
2026-08-25 06:48:52,679 - __main__ - ERROR - CURSOR_API_KEY missing – cannot analyse email
2026-08-25 06:48:52,679 - __main__ - INFO - Email from Kleber Garcia Alcatrao <notifications@github.com> flagged for human review (priority=high)
2026-08-25 06:48:52,729 - __main__ - ERROR - CURSOR_API_KEY missing – cannot analyse email
2026-08-25 06:48:52,730 - __main__ - INFO - Email from Kleber Garcia Alcatrao <notifications@github.com> flagged for human review (priority=high)
2026-08-25 06:48:52,780 - __main__ - ERROR - CURSOR_API_KEY missing – cannot analyse email
2026-08-25 06:48:52,780 - __main__ - INFO - Email from Kleber Garcia Alcatrao <notifications@github.com> flagged for human review (priority=high)
2026-08-25 06:48:52,831 - __main__ - ERROR - CURSOR_API_KEY missing – cannot analyse email
2026-08-25 06:48:52,831 - __main__ - INFO - Email from Kleber Garcia Alcatrao <notifications@github.com> flagged for human review (priority=high)
2026-08-25 06:48:52,882 - __main__ - ERROR - CURSOR_API_KEY missing – cannot analyse email
2026-08-25 06:48:52,882 - __main__ - INFO - Email from Kleber Garcia Alcatrao <notifications@github.com> flagged for human review (priority=high)
2026-08-25 06:50:21,882 - __main__ - WARNING - CURSOR_API_KEY not set – GPT‑4 calls will fail
2026-08-25 06:50:38,404 - __main__ - INFO - Fetched 20 unread emails
2026-08-25 06:50:38,405 - __main__ - ERROR - CURSOR_API_KEY missing – cannot analyse email
2026-08-25 06:50:38,405 - __main__ - INFO - Email from Kleber Garcia Alcatrao <notifications@github.com> flagged for human review (priority=high)
2026-08-25 06:50:38,458 - __main__ - ERROR - CURSOR_API_KEY missing – cannot analyse email
2026-08-25 06:50:38,458 - __main__ - INFO - Email from Kleber Garcia Alcatrao <notifications@github.com> flagged for human review (priority=high)
2026-08-25 06:50:38,510 - __main__ - ERROR - CURSOR_API_KEY missing – cannot analyse email
2026-08-25 06:50:38,511 - __main__ - INFO - Email from Kleber Garcia Alcatrao <notifications@github.com> flagged for human review (priority=high)
2026-08-25 06:50:38,565 - __main__ - ERROR - CURSOR_API_KEY missing – cannot analyse email
2026-08-25 06:50:38,565 - __main__ - INFO - Email from Kleber Garcia Alcatrao <notifications@github.com> flagged for human review (priority=high)
2026-08-25 06:50:38,620 - __main__ - ERROR - CURSOR_API_KEY missing – cannot analyse email
2026-08-25 06:50:38,621 - __main__ - INFO - Email from Kleber Garcia Alcatrao <notifications@github.com> flagged for human review (priority=high)
2026-08-25 06:50:38,674 - __main__ - ERROR - CURSOR_API_KEY missing – cannot analyse email
2026-08-25 06:50:38,674 - __main__ - INFO - Email from "github-actions[bot]" <notifications@github.com> flagged for human review (priority=high)
2026-08-25 06:50:38,727 - __main__ - ERROR - CURSOR_API_KEY missing – cannot analyse email
2026-08-25 06:50:38,727 - __main__ - INFO - Email from Kleber Garcia Alcatrao <notifications@github.com> flagged for human review (priority=high)
2026-08-25 06:50:38,780 - __main__ - ERROR - CURSOR_API_KEY missing – cannot analyse email
2026-08-25 06:50:38,781 - __main__ - INFO - Email from Kleber Garcia Alcatrao <notifications@github.com> flagged for human review (priority=high)
2026-08-25 06:50:38,834 - __main__ - ERROR - CURSOR_API_KEY missing – cannot analyse email
2026-08-25 06:50:38,834 - __main__ - INFO - Email from Kleber Garcia Alcatrao <notifications@github.com> flagged for human review (priority=high)
2026-08-25 06:50:38,887 - __main__ - ERROR - CURSOR_API_KEY missing – cannot analyse email
2026-08-25 06:50:38,887 - __main__ - INFO - Email from Kleber Garcia Alcatrao <notifications@github.com> flagged for human review (priority=high)
2026-08-25 06:50:38,940 - __main__ - ERROR - CURSOR_API_KEY missing – cannot analyse email
2026-08-25 06:50:38,941 - __main__ - INFO - Email from Kleber Garcia Alcatrao <notifications@github.com> flagged for human review (priority=high)
2026-08-25 06:50:38,993 - __main__ - ERROR - CURSOR_API_KEY missing – cannot analyse email
2026-08-25 06:50:38,994 - __main__ - INFO - Email from Kleber Garcia Alcatrao <notifications@github.com> flagged for human review (priority=high)
2026-08-25 06:50:39,046 - __main__ - ERROR - CURSOR_API_KEY missing – cannot analyse email
2026-08-25 06:50:39,046 - __main__ - INFO - Email from Kleber Garcia Alcatrao <notifications@github.com> flagged for human review (priority=high)
2026-08-25 06:50:39,098 - __main__ - ERROR - CURSOR_API_KEY missing – cannot analyse email
2026-08-25 06:50:39,099 - __main__ - INFO - Email from Kleber Garcia Alcatrao <notifications@github.com> flagged for human review (priority=high)
2026-08-25 06:50:39,153 - __main__ - ERROR - CURSOR_API_KEY missing – cannot analyse email
2026-08-25 06:50:39,153 - __main__ - INFO - Email from Kleber Garcia Alcatrao <notifications@github.com> flagged for human review (priority=high)
2026-08-25 06:50:39,206 - __main__ - ERROR - CURSOR_API_KEY missing – cannot analyse email
2026-08-25 06:50:39,206 - __main__ - INFO - Email from Kleber Garcia Alcatrao <notifications@github.com> flagged for human review (priority=high)
2026-08-25 06:50:39,260 - __main__ - ERROR - CURSOR_API_KEY missing – cannot analyse email
2026-08-25 06:50:39,260 - __main__ - INFO - Email from Kleber Garcia Alcatrao <notifications@github.com> flagged for human review (priority=high)
2026-08-25 06:50:39,314 - __main__ - ERROR - CURSOR_API_KEY missing – cannot analyse email
2026-08-25 06:50:39,314 - __main__ - INFO - Email from Kleber Garcia Alcatrao <notifications@github.com> flagged for human review (priority=high)
2026-08-25 06:50:39,367 - __main__ - ERROR - CURSOR_API_KEY missing – cannot analyse email
2026-08-25 06:50:39,367 - __main__ - INFO - Email from Kleber Garcia Alcatrao <notifications@github.com> flagged for human review (priority=high)
2026-08-25 06:50:39,419 - __main__ - ERROR - CURSOR_API_KEY missing – cannot analyse email
2026-08-25 06:50:39,420 - __main__ - INFO - Email from Kleber Garcia Alcatrao <notifications@github.com> flagged for human review (priority=high)
2026-08-25 06:54:54,977 - __main__ - WARNING - CURSOR_API_KEY not set – GPT‑4 calls will fail
2026-08-25 06:55:11,158 - __main__ - INFO - Fetched 20 unread emails
2026-08-25 06:55:11,159 - __main__ - ERROR - CURSOR_API_KEY missing – cannot analyse email
2026-08-25 06:55:11,159 - __main__ - INFO - Email from Nick Bryant <nick@wordify.com> flagged for human review (priority=high)
2026-08-25 06:55:11,211 - __main__ - ERROR - CURSOR_API_KEY missing – cannot analyse email
2026-08-25 06:55:11,212 - __main__ - INFO - Email from Kleber Garcia Alcatrao <notifications@github.com> flagged for human review (priority=high)
2026-08-25 06:55:11,261 - __main__ - ERROR - CURSOR_API_KEY missing – cannot analyse email
2026-08-25 06:55:11,262 - __main__ - INFO - Email from Kleber Garcia Alcatrao <notifications@github.com> flagged for human review (priority=high)
2026-08-25 06:55:11,313 - __main__ - ERROR - CURSOR_API_KEY missing – cannot analyse email
2026-08-25 06:55:11,313 - __main__ - INFO - Email from "Kleber Garcia AlcatrÃƒÂ£o @ Zion Tech Group" <kleber@ziontechgroup.com> flagged for human review (priority=high)
2026-08-25 06:55:11,363 - __main__ - ERROR - CURSOR_API_KEY missing – cannot analyse email
2026-08-25 06:55:11,364 - __main__ - INFO - Email from "Dooray!" <noreply@dooray.com> flagged for human review (priority=high)
2026-08-25 06:55:11,415 - __main__ - ERROR - CURSOR_API_KEY missing – cannot analyse email
2026-08-25 06:55:11,415 - __main__ - INFO - Email from "Kleber Garcia AlcatrÃƒÂ£o @ Zion Tech Group" <kleber@ziontechgroup.com> flagged for human review (priority=high)
2026-08-25 06:55:11,465 - __main__ - ERROR - CURSOR_API_KEY missing – cannot analyse email
2026-08-25 06:55:11,465 - __main__ - INFO - Email from Kleber Garcia Alcatrao <notifications@github.com> flagged for human review (priority=high)
2026-08-25 06:55:11,516 - __main__ - ERROR - CURSOR_API_KEY missing – cannot analyse email
2026-08-25 06:55:11,517 - __main__ - INFO - Email from "Kleber Garcia AlcatrÃƒÂ£o @ Zion Tech Group" <kleber@ziontechgroup.com> flagged for human review (priority=high)
2026-08-25 06:55:11,569 - __main__ - ERROR - CURSOR_API_KEY missing – cannot analyse email
2026-08-25 06:55:11,569 - __main__ - INFO - Email from Kleber Garcia Alcatrao <notifications@github.com> flagged for human review (priority=high)
2026-08-25 06:55:11,619 - __main__ - ERROR - CURSOR_API_KEY missing – cannot analyse email
2026-08-25 06:55:11,620 - __main__ - INFO - Email from Kleber Garcia Alcatrao <notifications@github.com> flagged for human review (priority=high)
2026-08-25 06:55:11,670 - __main__ - ERROR - CURSOR_API_KEY missing – cannot analyse email
2026-08-25 06:55:11,670 - __main__ - INFO - Email from "github-actions[bot]" <notifications@github.com> flagged for human review (priority=high)
2026-08-25 06:55:11,721 - __main__ - ERROR - CURSOR_API_KEY missing – cannot analyse email
2026-08-25 06:55:11,721 - __main__ - INFO - Email from Kleber Garcia Alcatrao <notifications@github.com> flagged for human review (priority=high)
2026-08-25 06:55:11,772 - __main__ - ERROR - CURSOR_API_KEY missing – cannot analyse email
2026-08-25 06:55:11,772 - __main__ - INFO - Email from Kleber Garcia Alcatrao <notifications@github.com> flagged for human review (priority=high)
2026-08-25 06:55:11,862 - __main__ - ERROR - CURSOR_API_KEY missing – cannot analyse email
2026-08-25 06:55:11,863 - __main__ - INFO - Email from Kleber Garcia Alcatrao <notifications@github.com> flagged for human review (priority=high)
2026-08-25 06:55:11,913 - __main__ - ERROR - CURSOR_API_KEY missing – cannot analyse email
2026-08-25 06:55:11,913 - __main__ - INFO - Email from Kleber Garcia Alcatrao <notifications@github.com> flagged for human review (priority=high)
2026-08-25 06:55:11,963 - __main__ - ERROR - CURSOR_API_KEY missing – cannot analyse email
2026-08-25 06:55:11,963 - __main__ - INFO - Email from Kleber Garcia Alcatrao <notifications@github.com> flagged for human review (priority=high)
2026-08-25 06:55:12,013 - __main__ - ERROR - CURSOR_API_KEY missing – cannot analyse email
2026-08-25 06:55:12,013 - __main__ - INFO - Email from Kleber Garcia Alcatrao <notifications@github.com> flagged for human review (priority=high)
2026-08-25 06:55:12,063 - __main__ - ERROR - CURSOR_API_KEY missing – cannot analyse email
2026-08-25 06:55:12,064 - __main__ - INFO - Email from "github-actions[bot]" <notifications@github.com> flagged for human review (priority=high)
2026-08-25 06:55:12,115 - __main__ - ERROR - CURSOR_API_KEY missing – cannot analyse email
2026-08-25 06:55:12,116 - __main__ - INFO - Email from Kleber Garcia Alcatrao <notifications@github.com> flagged for human review (priority=high)
2026-08-25 06:55:12,167 - __main__ - ERROR - CURSOR_API_KEY missing – cannot analyse email
2026-08-25 06:55:12,167 - __main__ - INFO - Email from Kleber Garcia Alcatrao <notifications@github.com> flagged for human review (priority=high)
2026-08-25 09:45:52,760 - __main__ - WARNING - CURSOR_API_KEY not set – GPT‑4 calls will fail
2026-08-25 09:46:09,547 - __main__ - INFO - Fetched 20 unread emails
2026-08-25 09:46:09,548 - __main__ - ERROR - CURSOR_API_KEY missing – cannot analyse email
2026-08-25 09:46:09,548 - __main__ - INFO - Email from Kleber Garcia Alcatrao <notifications@github.com> flagged for human review (priority=high)
2026-08-25 09:46:09,598 - __main__ - ERROR - CURSOR_API_KEY missing – cannot analyse email
2026-08-25 09:46:09,598 - __main__ - INFO - Email from Kleber Garcia Alcatrao <notifications@github.com> flagged for human review (priority=high)
2026-08-25 09:46:09,649 - __main__ - ERROR - CURSOR_API_KEY missing – cannot analyse email
2026-08-25 09:46:09,650 - __main__ - INFO - Email from Kleber Garcia Alcatrao <notifications@github.com> flagged for human review (priority=high)
2026-08-25 09:46:09,700 - __main__ - ERROR - CURSOR_API_KEY missing – cannot analyse email
2026-08-25 09:46:09,700 - __main__ - INFO - Email from Kleber Garcia Alcatrao <notifications@github.com> flagged for human review (priority=high)
2026-08-25 09:46:09,749 - __main__ - ERROR - CURSOR_API_KEY missing – cannot analyse email
2026-08-25 09:46:09,749 - __main__ - INFO - Email from "github-actions[bot]" <notifications@github.com> flagged for human review (priority=high)
2026-08-25 09:46:09,797 - __main__ - ERROR - CURSOR_API_KEY missing – cannot analyse email
2026-08-25 09:46:09,798 - __main__ - INFO - Email from "github-actions[bot]" <notifications@github.com> flagged for human review (priority=high)
2026-08-25 09:46:09,846 - __main__ - ERROR - CURSOR_API_KEY missing – cannot analyse email
2026-08-25 09:46:09,846 - __main__ - INFO - Email from Kleber Garcia Alcatrao <notifications@github.com> flagged for human review (priority=high)
2026-08-25 09:46:09,895 - __main__ - ERROR - CURSOR_API_KEY missing – cannot analyse email
2026-08-25 09:46:09,895 - __main__ - INFO - Email from Kleber Garcia Alcatrao <notifications@github.com> flagged for human review (priority=high)
2026-08-25 09:46:09,945 - __main__ - ERROR - CURSOR_API_KEY missing – cannot analyse email
2026-08-25 09:46:09,946 - __main__ - INFO - Email from Kleber Garcia Alcatrao <notifications@github.com> flagged for human review (priority=high)
2026-08-25 09:46:09,996 - __main__ - ERROR - CURSOR_API_KEY missing – cannot analyse email
2026-08-25 09:46:09,996 - __main__ - INFO - Email from Kleber Garcia Alcatrao <notifications@github.com> flagged for human review (priority=high)
2026-08-25 09:46:10,045 - __main__ - ERROR - CURSOR_API_KEY missing – cannot analyse email
2026-08-25 09:46:10,046 - __main__ - INFO - Email from Kleber Garcia Alcatrao <notifications@github.com> flagged for human review (priority=high)
2026-08-25 09:46:10,095 - __main__ - ERROR - CURSOR_API_KEY missing – cannot analyse email
2026-08-25 09:46:10,096 - __main__ - INFO - Email from Kleber Garcia Alcatrao <notifications@github.com> flagged for human review (priority=high)
2026-08-25 09:46:10,146 - __main__ - ERROR - CURSOR_API_KEY missing – cannot analyse email
2026-08-25 09:46:10,146 - __main__ - INFO - Email from Kleber Garcia Alcatrao <notifications@github.com> flagged for human review (priority=high)
2026-08-25 09:46:10,196 - __main__ - ERROR - CURSOR_API_KEY missing – cannot analyse email
2026-08-25 09:46:10,197 - __main__ - INFO - Email from Kleber Garcia Alcatrao <notifications@github.com> flagged for human review (priority=high)
2026-08-25 09:46:10,246 - __main__ - ERROR - CURSOR_API_KEY missing – cannot analyse email
2026-08-25 09:46:10,246 - __main__ - INFO - Email from Kleber Garcia Alcatrao <notifications@github.com> flagged for human review (priority=high)
2026-08-25 09:46:10,298 - __main__ - ERROR - CURSOR_API_KEY missing – cannot analyse email
2026-08-25 09:46:10,298 - __main__ - INFO - Email from "github-actions[bot]" <notifications@github.com> flagged for human review (priority=high)
2026-08-25 09:46:10,351 - __main__ - ERROR - CURSOR_API_KEY missing – cannot analyse email
2026-08-25 09:46:10,351 - __main__ - INFO - Email from Kleber Garcia Alcatrao <notifications@github.com> flagged for human review (priority=high)
2026-08-25 09:46:10,405 - __main__ - ERROR - CURSOR_API_KEY missing – cannot analyse email
2026-08-25 09:46:10,405 - __main__ - INFO - Email from Kleber Garcia Alcatrao <notifications@github.com> flagged for human review (priority=high)
2026-08-25 09:46:10,455 - __main__ - ERROR - CURSOR_API_KEY missing – cannot analyse email
2026-08-25 09:46:10,455 - __main__ - INFO - Email from Kleber Garcia Alcatrao <notifications@github.com> flagged for human review (priority=high)
2026-08-25 09:46:10,505 - __main__ - ERROR - CURSOR_API_KEY missing – cannot analyse email
2026-08-25 09:46:10,505 - __main__ - INFO - Email from Kleber Garcia Alcatrao <notifications@github.com> flagged for human review (priority=high)
2026-08-25 10:26:01,203 - __main__ - WARNING - CURSOR_API_KEY not set – GPT‑4 calls will fail
2026-08-25 10:26:17,436 - __main__ - INFO - Fetched 20 unread emails
2026-08-25 10:26:17,437 - __main__ - ERROR - CURSOR_API_KEY missing – cannot analyse email
2026-08-25 10:26:17,437 - __main__ - INFO - Email from Kleber Garcia Alcatrao <notifications@github.com> flagged for human review (priority=high)
2026-08-25 10:26:17,487 - __main__ - ERROR - CURSOR_API_KEY missing – cannot analyse email
2026-08-25 10:26:17,488 - __main__ - INFO - Email from Kleber Garcia Alcatrao <notifications@github.com> flagged for human review (priority=high)
2026-08-25 10:26:17,537 - __main__ - ERROR - CURSOR_API_KEY missing – cannot analyse email
2026-08-25 10:26:17,538 - __main__ - INFO - Email from Agilize News <marketing@mkt.agilize.com.br> flagged for human review (priority=high)
2026-08-25 10:26:17,587 - __main__ - ERROR - CURSOR_API_KEY missing – cannot analyse email
2026-08-25 10:26:17,587 - __main__ - INFO - Email from Kleber Garcia Alcatrao <notifications@github.com> flagged for human review (priority=high)
2026-08-25 10:26:17,637 - __main__ - ERROR - CURSOR_API_KEY missing – cannot analyse email
2026-08-25 10:26:17,637 - __main__ - INFO - Email from Kleber Garcia Alcatrao <notifications@github.com> flagged for human review (priority=high)
2026-08-25 10:26:17,688 - __main__ - ERROR - CURSOR_API_KEY missing – cannot analyse email
2026-08-25 10:26:17,688 - __main__ - INFO - Email from Kleber Garcia Alcatrao <notifications@github.com> flagged for human review (priority=high)
2026-08-25 10:26:17,738 - __main__ - ERROR - CURSOR_API_KEY missing – cannot analyse email
2026-08-25 10:26:17,738 - __main__ - INFO - Email from Kleber Garcia Alcatrao <notifications@github.com> flagged for human review (priority=high)
2026-08-25 10:26:17,788 - __main__ - ERROR - CURSOR_API_KEY missing – cannot analyse email
2026-08-25 10:26:17,788 - __main__ - INFO - Email from Kleber Garcia Alcatrao <notifications@github.com> flagged for human review (priority=high)
2026-08-25 10:26:17,837 - __main__ - ERROR - CURSOR_API_KEY missing – cannot analyse email
2026-08-25 10:26:17,838 - __main__ - INFO - Email from Kleber Garcia Alcatrao <notifications@github.com> flagged for human review (priority=high)
2026-08-25 10:26:17,887 - __main__ - ERROR - CURSOR_API_KEY missing – cannot analyse email
2026-08-25 10:26:17,887 - __main__ - INFO - Email from "github-actions[bot]" <notifications@github.com> flagged for human review (priority=high)
2026-08-25 10:26:17,937 - __main__ - ERROR - CURSOR_API_KEY missing – cannot analyse email
2026-08-25 10:26:17,938 - __main__ - INFO - Email from Kleber Garcia Alcatrao <notifications@github.com> flagged for human review (priority=high)
2026-08-25 10:26:17,987 - __main__ - ERROR - CURSOR_API_KEY missing – cannot analyse email
2026-08-25 10:26:17,988 - __main__ - INFO - Email from Kleber Garcia Alcatrao <notifications@github.com> flagged for human review (priority=high)
2026-08-25 10:26:18,037 - __main__ - ERROR - CURSOR_API_KEY missing – cannot analyse email
2026-08-25 10:26:18,037 - __main__ - INFO - Email from Kleber Garcia Alcatrao <notifications@github.com> flagged for human review (priority=high)
2026-08-25 10:26:18,085 - __main__ - ERROR - CURSOR_API_KEY missing – cannot analyse email
2026-08-25 10:26:18,086 - __main__ - INFO - Email from Kleber Garcia Alcatrao <notifications@github.com> flagged for human review (priority=high)
2026-08-25 10:26:18,135 - __main__ - ERROR - CURSOR_API_KEY missing – cannot analyse email
2026-08-25 10:26:18,136 - __main__ - INFO - Email from Kleber Garcia Alcatrao <notifications@github.com> flagged for human review (priority=high)
2026-08-25 10:26:18,186 - __main__ - ERROR - CURSOR_API_KEY missing – cannot analyse email
2026-08-25 10:26:18,187 - __main__ - INFO - Email from Kleber Garcia Alcatrao <notifications@github.com> flagged for human review (priority=high)
2026-08-25 10:26:18,237 - __main__ - ERROR - CURSOR_API_KEY missing – cannot analyse email
2026-08-25 10:26:18,237 - __main__ - INFO - Email from Kleber Garcia Alcatrao <notifications@github.com> flagged for human review (priority=high)
2026-08-25 10:26:18,287 - __main__ - ERROR - CURSOR_API_KEY missing – cannot analyse email
2026-08-25 10:26:18,288 - __main__ - INFO - Email from Kleber Garcia Alcatrao <notifications@github.com> flagged for human review (priority=high)
2026-08-25 10:26:18,380 - __main__ - ERROR - CURSOR_API_KEY missing – cannot analyse email
2026-08-25 10:26:18,380 - __main__ - INFO - Email from Kleber Garcia Alcatrao <notifications@github.com> flagged for human review (priority=high)
2026-08-25 10:26:18,429 - __main__ - ERROR - CURSOR_API_KEY missing – cannot analyse email
2026-08-25 10:26:18,430 - __main__ - INFO - Email from Kleber Garcia Alcatrao <notifications@github.com> flagged for human review (priority=high)
2026-08-25 13:27:48,264 - __main__ - WARNING - CURSOR_API_KEY not set – GPT‑4 calls will fail
2026-08-25 13:28:04,614 - __main__ - INFO - Fetched 20 unread emails
2026-08-25 13:28:04,615 - __main__ - ERROR - CURSOR_API_KEY missing – cannot analyse email
2026-08-25 13:28:04,615 - __main__ - INFO - Email from Kleber Garcia Alcatrao <notifications@github.com> flagged for human review (priority=high)
2026-08-25 13:28:04,666 - __main__ - ERROR - CURSOR_API_KEY missing – cannot analyse email
2026-08-25 13:28:04,666 - __main__ - INFO - Email from kleber@ziontechgroup.com flagged for human review (priority=high)
2026-08-25 13:28:04,715 - __main__ - ERROR - CURSOR_API_KEY missing – cannot analyse email
2026-08-25 13:28:04,716 - __main__ - INFO - Email from Kleber Garcia Alcatrao <notifications@github.com> flagged for human review (priority=high)
2026-08-25 13:28:04,764 - __main__ - ERROR - CURSOR_API_KEY missing – cannot analyse email
2026-08-25 13:28:04,765 - __main__ - INFO - Email from Kleber Garcia Alcatrao <notifications@github.com> flagged for human review (priority=high)
2026-08-25 13:28:04,814 - __main__ - ERROR - CURSOR_API_KEY missing – cannot analyse email
2026-08-25 13:28:04,815 - __main__ - INFO - Email from Kleber Garcia Alcatrao <notifications@github.com> flagged for human review (priority=high)
2026-08-25 13:28:04,865 - __main__ - ERROR - CURSOR_API_KEY missing – cannot analyse email
2026-08-25 13:28:04,866 - __main__ - INFO - Email from Kleber Garcia Alcatrao <notifications@github.com> flagged for human review (priority=high)
2026-08-25 13:28:04,914 - __main__ - ERROR - CURSOR_API_KEY missing – cannot analyse email
2026-08-25 13:28:04,915 - __main__ - INFO - Email from Kleber Garcia Alcatrao <notifications@github.com> flagged for human review (priority=high)
2026-08-25 13:28:04,966 - __main__ - ERROR - CURSOR_API_KEY missing – cannot analyse email
2026-08-25 13:28:04,966 - __main__ - INFO - Email from Kleber Garcia Alcatrao <notifications@github.com> flagged for human review (priority=high)
2026-08-25 13:28:05,017 - __main__ - ERROR - CURSOR_API_KEY missing – cannot analyse email
2026-08-25 13:28:05,017 - __main__ - INFO - Email from Kleber Garcia Alcatrao <notifications@github.com> flagged for human review (priority=high)
2026-08-25 13:28:05,066 - __main__ - ERROR - CURSOR_API_KEY missing – cannot analyse email
2026-08-25 13:28:05,067 - __main__ - INFO - Email from Kleber Garcia Alcatrao <notifications@github.com> flagged for human review (priority=high)
2026-08-25 13:28:05,115 - __main__ - ERROR - CURSOR_API_KEY missing – cannot analyse email
2026-08-25 13:28:05,115 - __main__ - INFO - Email from Kleber Garcia Alcatrao <notifications@github.com> flagged for human review (priority=high)
2026-08-25 13:28:05,164 - __main__ - ERROR - CURSOR_API_KEY missing – cannot analyse email
2026-08-25 13:28:05,164 - __main__ - INFO - Email from Kleber Garcia Alcatrao <notifications@github.com> flagged for human review (priority=high)
2026-08-25 13:28:05,213 - __main__ - ERROR - CURSOR_API_KEY missing – cannot analyse email
2026-08-25 13:28:05,214 - __main__ - INFO - Email from Kleber Garcia Alcatrao <notifications@github.com> flagged for human review (priority=high)
2026-08-25 13:28:05,266 - __main__ - ERROR - CURSOR_API_KEY missing – cannot analyse email
2026-08-25 13:28:05,266 - __main__ - INFO - Email from Kleber Garcia Alcatrao <notifications@github.com> flagged for human review (priority=high)
2026-08-25 13:28:05,316 - __main__ - ERROR - CURSOR_API_KEY missing – cannot analyse email
2026-08-25 13:28:05,317 - __main__ - INFO - Email from Kleber Garcia Alcatrao <notifications@github.com> flagged for human review (priority=high)
2026-08-25 13:28:05,406 - __main__ - ERROR - CURSOR_API_KEY missing – cannot analyse email
2026-08-25 13:28:05,406 - __main__ - INFO - Email from Kleber Garcia Alcatrao <notifications@github.com> flagged for human review (priority=high)
2026-08-25 13:28:05,497 - __main__ - ERROR - CURSOR_API_KEY missing – cannot analyse email
2026-08-25 13:28:05,497 - __main__ - INFO - Email from Kleber Garcia Alcatrao <notifications@github.com> flagged for human review (priority=high)
2026-08-25 13:28:05,546 - __main__ - ERROR - CURSOR_API_KEY missing – cannot analyse email
2026-08-25 13:28:05,547 - __main__ - INFO - Email from Kleber Garcia Alcatrao <notifications@github.com> flagged for human review (priority=high)
2026-08-25 13:28:05,596 - __main__ - ERROR - CURSOR_API_KEY missing – cannot analyse email
2026-08-25 13:28:05,596 - __main__ - INFO - Email from Kleber Garcia Alcatrao <notifications@github.com> flagged for human review (priority=high)
2026-08-25 13:28:05,646 - __main__ - ERROR - CURSOR_API_KEY missing – cannot analyse email
2026-08-25 13:28:05,646 - __main__ - INFO - Email from Kleber Garcia Alcatrao <notifications@github.com> flagged for human review (priority=high)
2026-08-25 20:40:33,096 - __main__ - WARNING - CURSOR_API_KEY not set – GPT‑4 calls will fail
2026-08-25 20:40:35,264 - __main__ - INFO - Fetched 0 unread emails
2026-08-25 23:08:58,801 - __main__ - WARNING - CURSOR_API_KEY not set – GPT‑4 calls will fail
2026-08-25 23:09:00,527 - __main__ - INFO - Fetched 0 unread emails
2026-08-26 07:41:26,775 - __main__ - WARNING - CURSOR_API_KEY not set – GPT‑4 calls will fail
2026-08-26 07:41:28,850 - __main__ - INFO - Fetched 0 unread emails
2026-08-26 22:09:59,583 - __main__ - WARNING - CURSOR_API_KEY not set – GPT‑4 calls will fail
2026-08-26 22:10:01,324 - __main__ - INFO - Fetched 0 unread emails
2026-08-27 17:46:43,163 - __main__ - WARNING - CURSOR_API_KEY not set – GPT‑4 calls will fail
2026-08-27 17:46:45,202 - __main__ - INFO - Fetched 0 unread emails
2026-08-28 01:18:03,119 - __main__ - WARNING - CURSOR_API_KEY not set – GPT‑4 calls will fail
2026-08-28 01:18:05,093 - __main__ - INFO - Fetched 0 unread emails
2026-08-28 08:25:26,963 - __main__ - WARNING - CURSOR_API_KEY not set – GPT‑4 calls will fail
2026-08-28 08:25:28,682 - __main__ - INFO - Fetched 0 unread emails
2026-08-28 17:09:29,154 - __main__ - WARNING - CURSOR_API_KEY not set – GPT‑4 calls will fail
2026-08-28 17:09:31,060 - __main__ - INFO - Fetched 0 unread emails
2026-08-28 18:57:29,399 - __main__ - WARNING - CURSOR_API_KEY not set – GPT‑4 calls will fail
2026-08-28 18:57:31,532 - __main__ - INFO - Fetched 0 unread emails
2026-08-29 00:09:45,732 - __main__ - WARNING - CURSOR_API_KEY not set – GPT‑4 calls will fail
2026-08-29 00:09:48,229 - __main__ - INFO - Fetched 0 unread emails
2026-08-29 00:29:55,308 - __main__ - WARNING - CURSOR_API_KEY not set – GPT‑4 calls will fail
2026-08-29 00:29:57,188 - __main__ - INFO - Fetched 0 unread emails
2026-08-29 01:19:00,924 - __main__ - WARNING - CURSOR_API_KEY not set – GPT‑4 calls will fail
2026-08-29 01:19:03,151 - __main__ - INFO - Fetched 0 unread emails
2026-08-29 08:39:22,988 - __main__ - WARNING - CURSOR_API_KEY not set – GPT‑4 calls will fail
2026-08-29 08:39:24,820 - __main__ - INFO - Fetched 0 unread emails
2026-08-29 10:57:52,040 - __main__ - WARNING - CURSOR_API_KEY not set – GPT‑4 calls will fail
2026-08-29 10:57:54,189 - __main__ - INFO - Fetched 0 unread emails
2026-08-29 11:06:13,706 - __main__ - WARNING - CURSOR_API_KEY not set – GPT‑4 calls will fail
2026-08-29 11:06:15,577 - __main__ - INFO - Fetched 0 unread emails
2026-08-29 11:11:50,700 - __main__ - WARNING - CURSOR_API_KEY not set – GPT‑4 calls will fail
2026-08-29 11:11:52,851 - __main__ - INFO - Fetched 0 unread emails
2026-08-29 11:27:31,533 - __main__ - WARNING - CURSOR_API_KEY not set – GPT‑4 calls will fail
2026-08-29 11:27:33,292 - __main__ - INFO - Fetched 0 unread emails
2026-08-29 11:32:56,693 - __main__ - WARNING - CURSOR_API_KEY not set – GPT‑4 calls will fail
2026-08-29 11:32:58,405 - __main__ - INFO - Fetched 0 unread emails
2026-08-29 11:46:23,621 - __main__ - WARNING - CURSOR_API_KEY not set – GPT‑4 calls will fail
2026-08-29 11:46:25,678 - __main__ - INFO - Fetched 0 unread emails
2026-08-29 11:52:41,523 - __main__ - WARNING - CURSOR_API_KEY not set – GPT‑4 calls will fail
2026-08-29 11:52:43,376 - __main__ - INFO - Fetched 0 unread emails
2026-08-29 12:27:28,763 - __main__ - WARNING - CURSOR_API_KEY not set – GPT‑4 calls will fail
2026-08-29 12:27:30,666 - __main__ - INFO - Fetched 0 unread emails
2026-08-29 12:37:07,538 - __main__ - WARNING - CURSOR_API_KEY not set – GPT‑4 calls will fail
2026-08-29 12:37:09,615 - __main__ - INFO - Fetched 0 unread emails
2026-08-29 12:40:38,067 - __main__ - WARNING - CURSOR_API_KEY not set – GPT‑4 calls will fail
2026-08-29 12:40:39,837 - __main__ - INFO - Fetched 0 unread emails
2026-08-29 12:51:46,577 - __main__ - WARNING - CURSOR_API_KEY not set – GPT‑4 calls will fail
2026-08-29 12:51:48,464 - __main__ - INFO - Fetched 0 unread emails
2026-08-29 13:00:42,114 - __main__ - WARNING - CURSOR_API_KEY not set – GPT‑4 calls will fail
2026-08-29 13:00:44,269 - __main__ - INFO - Fetched 0 unread emails
2026-08-29 13:04:47,262 - __main__ - WARNING - CURSOR_API_KEY not set – GPT‑4 calls will fail
2026-08-29 13:04:49,140 - __main__ - INFO - Fetched 0 unread emails
2026-08-29 13:13:20,771 - __main__ - WARNING - CURSOR_API_KEY not set – GPT‑4 calls will fail
2026-08-29 13:13:23,060 - __main__ - INFO - Fetched 0 unread emails
2026-08-29 13:21:40,749 - __main__ - WARNING - CURSOR_API_KEY not set – GPT‑4 calls will fail
2026-08-29 13:21:42,508 - __main__ - INFO - Fetched 0 unread emails
2026-08-29 13:28:19,558 - __main__ - WARNING - CURSOR_API_KEY not set – GPT‑4 calls will fail
2026-08-29 13:28:21,398 - __main__ - INFO - Fetched 0 unread emails
2026-08-29 13:45:58,692 - __main__ - WARNING - CURSOR_API_KEY not set – GPT‑4 calls will fail
2026-08-29 13:46:00,535 - __main__ - INFO - Fetched 0 unread emails
2026-08-29 13:49:52,704 - __main__ - WARNING - CURSOR_API_KEY not set – GPT‑4 calls will fail
2026-08-29 13:49:54,821 - __main__ - INFO - Fetched 0 unread emails
2026-08-29 13:56:44,629 - __main__ - WARNING - CURSOR_API_KEY not set – GPT‑4 calls will fail
2026-08-29 13:56:46,568 - __main__ - INFO - Fetched 0 unread emails
2026-08-29 13:59:25,547 - __main__ - WARNING - CURSOR_API_KEY not set – GPT‑4 calls will fail
2026-08-29 13:59:27,780 - __main__ - INFO - Fetched 0 unread emails
2026-08-29 14:05:46,473 - __main__ - WARNING - CURSOR_API_KEY not set – GPT‑4 calls will fail
2026-08-29 14:05:48,886 - __main__ - INFO - Fetched 0 unread emails
2026-08-29 14:13:30,154 - __main__ - WARNING - CURSOR_API_KEY not set – GPT‑4 calls will fail
2026-08-29 14:13:31,903 - __main__ - INFO - Fetched 0 unread emails
2026-08-29 14:27:52,450 - __main__ - WARNING - CURSOR_API_KEY not set – GPT‑4 calls will fail
2026-08-29 14:27:54,302 - __main__ - INFO - Fetched 0 unread emails
2026-08-29 14:30:32,508 - __main__ - WARNING - CURSOR_API_KEY not set – GPT‑4 calls will fail
2026-08-29 14:30:34,932 - __main__ - INFO - Fetched 0 unread emails
2026-08-29 14:45:11,199 - __main__ - WARNING - CURSOR_API_KEY not set – GPT‑4 calls will fail
2026-08-29 14:45:13,027 - __main__ - INFO - Fetched 0 unread emails
2026-08-29 14:50:05,747 - __main__ - WARNING - CURSOR_API_KEY not set – GPT‑4 calls will fail
2026-08-29 14:50:07,634 - __main__ - INFO - Fetched 0 unread emails
2026-08-29 15:05:22,847 - __main__ - WARNING - CURSOR_API_KEY not set – GPT‑4 calls will fail
2026-08-29 15:05:24,727 - __main__ - INFO - Fetched 0 unread emails
2026-08-29 15:09:36,943 - __main__ - WARNING - CURSOR_API_KEY not set – GPT‑4 calls will fail
2026-08-29 15:09:39,416 - __main__ - INFO - Fetched 0 unread emails
2026-08-29 15:31:58,926 - __main__ - WARNING - CURSOR_API_KEY not set – GPT‑4 calls will fail
2026-08-29 15:32:00,774 - __main__ - INFO - Fetched 0 unread emails
2026-08-29 15:47:32,554 - __main__ - WARNING - CURSOR_API_KEY not set – GPT‑4 calls will fail
2026-08-29 15:47:34,364 - __main__ - INFO - Fetched 0 unread emails
2026-08-29 16:00:34,607 - __main__ - WARNING - CURSOR_API_KEY not set – GPT‑4 calls will fail
2026-08-29 16:00:36,404 - __main__ - INFO - Fetched 0 unread emails
2026-08-29 16:07:24,441 - __main__ - WARNING - CURSOR_API_KEY not set – GPT‑4 calls will fail
2026-08-29 16:07:26,217 - __main__ - INFO - Fetched 0 unread emails
2026-08-29 16:10:42,359 - __main__ - WARNING - CURSOR_API_KEY not set – GPT‑4 calls will fail
2026-08-29 16:10:44,541 - __main__ - INFO - Fetched 0 unread emails
2026-08-29 16:17:14,973 - __main__ - WARNING - CURSOR_API_KEY not set – GPT‑4 calls will fail
2026-08-29 16:17:16,842 - __main__ - INFO - Fetched 0 unread emails
2026-08-29 16:23:37,619 - __main__ - WARNING - CURSOR_API_KEY not set – GPT‑4 calls will fail
2026-08-29 16:23:39,426 - __main__ - INFO - Fetched 0 unread emails
2026-08-29 16:26:19,000 - __main__ - WARNING - CURSOR_API_KEY not set – GPT‑4 calls will fail
2026-08-29 16:26:21,075 - __main__ - INFO - Fetched 0 unread emails
2026-08-29 16:29:51,655 - __main__ - WARNING - CURSOR_API_KEY not set – GPT‑4 calls will fail
2026-08-29 16:29:53,474 - __main__ - INFO - Fetched 0 unread emails
2026-08-29 16:40:43,009 - __main__ - WARNING - CURSOR_API_KEY not set – GPT‑4 calls will fail
2026-08-29 16:40:44,790 - __main__ - INFO - Fetched 0 unread emails
2026-08-29 16:46:10,316 - __main__ - WARNING - CURSOR_API_KEY not set – GPT‑4 calls will fail
2026-08-29 16:46:12,516 - __main__ - INFO - Fetched 0 unread emails
2026-08-29 16:50:52,809 - __main__ - WARNING - CURSOR_API_KEY not set – GPT‑4 calls will fail
2026-08-29 16:50:54,545 - __main__ - INFO - Fetched 0 unread emails
2026-08-29 16:57:15,578 - __main__ - WARNING - CURSOR_API_KEY not set – GPT‑4 calls will fail
2026-08-29 16:57:17,371 - __main__ - INFO - Fetched 0 unread emails
2026-08-29 17:08:32,475 - __main__ - WARNING - CURSOR_API_KEY not set – GPT‑4 calls will fail
2026-08-29 17:08:34,910 - __main__ - INFO - Fetched 0 unread emails
2026-08-29 17:17:08,220 - __main__ - WARNING - CURSOR_API_KEY not set – GPT‑4 calls will fail
2026-08-29 17:17:10,591 - __main__ - INFO - Fetched 0 unread emails
2026-08-29 17:25:07,808 - __main__ - WARNING - CURSOR_API_KEY not set – GPT‑4 calls will fail
2026-08-29 17:25:09,718 - __main__ - INFO - Fetched 0 unread emails
2026-08-29 17:28:39,005 - __main__ - WARNING - CURSOR_API_KEY not set – GPT‑4 calls will fail
2026-08-29 17:28:40,789 - __main__ - INFO - Fetched 0 unread emails
2026-08-29 17:34:30,909 - __main__ - WARNING - CURSOR_API_KEY not set – GPT‑4 calls will fail
2026-08-29 17:34:32,771 - __main__ - INFO - Fetched 0 unread emails
2026-08-29 17:39:13,355 - __main__ - WARNING - CURSOR_API_KEY not set – GPT‑4 calls will fail
2026-08-29 17:39:15,098 - __main__ - INFO - Fetched 0 unread emails
2026-08-29 17:41:14,796 - __main__ - WARNING - CURSOR_API_KEY not set – GPT‑4 calls will fail
2026-08-29 17:41:16,533 - __main__ - INFO - Fetched 0 unread emails
2026-08-29 17:42:04,747 - __main__ - WARNING - CURSOR_API_KEY not set – GPT‑4 calls will fail
2026-08-29 17:42:06,763 - __main__ - INFO - Fetched 0 unread emails
2026-08-29 17:45:01,557 - __main__ - WARNING - CURSOR_API_KEY not set – GPT‑4 calls will fail
2026-08-29 17:45:03,378 - __main__ - INFO - Fetched 0 unread emails
2026-08-29 17:48:22,737 - __main__ - WARNING - CURSOR_API_KEY not set – GPT‑4 calls will fail
2026-08-29 17:48:24,896 - __main__ - INFO - Fetched 0 unread emails
2026-08-29 17:53:03,098 - __main__ - WARNING - CURSOR_API_KEY not set – GPT‑4 calls will fail
2026-08-29 17:53:04,862 - __main__ - INFO - Fetched 0 unread emails
2026-08-29 17:54:42,929 - __main__ - WARNING - CURSOR_API_KEY not set – GPT‑4 calls will fail
2026-08-29 17:54:44,749 - __main__ - INFO - Fetched 0 unread emails
2026-08-29 17:55:47,986 - __main__ - WARNING - CURSOR_API_KEY not set – GPT‑4 calls will fail
2026-08-29 17:55:49,733 - __main__ - INFO - Fetched 0 unread emails
2026-08-29 17:57:54,381 - __main__ - WARNING - CURSOR_API_KEY not set – GPT‑4 calls will fail
2026-08-29 17:57:56,212 - __main__ - INFO - Fetched 0 unread emails
2026-08-29 18:06:49,950 - __main__ - WARNING - CURSOR_API_KEY not set – GPT‑4 calls will fail
2026-08-29 18:06:52,161 - __main__ - INFO - Fetched 0 unread emails
2026-08-29 18:12:28,345 - __main__ - WARNING - CURSOR_API_KEY not set – GPT‑4 calls will fail
2026-08-29 18:12:30,155 - __main__ - INFO - Fetched 0 unread emails
2026-08-29 18:18:29,940 - __main__ - WARNING - CURSOR_API_KEY not set – GPT‑4 calls will fail
2026-08-29 18:18:32,023 - __main__ - INFO - Fetched 0 unread emails
2026-08-29 18:24:24,305 - __main__ - WARNING - CURSOR_API_KEY not set – GPT‑4 calls will fail
2026-08-29 18:24:26,313 - __main__ - INFO - Fetched 0 unread emails
2026-08-29 18:25:41,500 - __main__ - WARNING - CURSOR_API_KEY not set – GPT‑4 calls will fail
2026-08-29 18:25:43,565 - __main__ - INFO - Fetched 0 unread emails
2026-08-29 18:37:21,010 - __main__ - WARNING - CURSOR_API_KEY not set – GPT‑4 calls will fail
2026-08-29 18:37:22,839 - __main__ - INFO - Fetched 0 unread emails
2026-08-29 18:41:58,681 - __main__ - WARNING - CURSOR_API_KEY not set – GPT‑4 calls will fail
2026-08-29 18:42:00,443 - __main__ - INFO - Fetched 0 unread emails
2026-08-29 18:44:10,540 - __main__ - WARNING - CURSOR_API_KEY not set – GPT‑4 calls will fail
2026-08-29 18:44:12,498 - __main__ - INFO - Fetched 0 unread emails
2026-08-29 18:45:56,071 - __main__ - WARNING - CURSOR_API_KEY not set – GPT‑4 calls will fail
2026-08-29 18:45:57,956 - __main__ - INFO - Fetched 0 unread emails
2026-08-29 18:51:18,523 - __main__ - WARNING - CURSOR_API_KEY not set – GPT‑4 calls will fail
2026-08-29 18:51:20,347 - __main__ - INFO - Fetched 0 unread emails
2026-08-29 18:52:58,250 - __main__ - WARNING - CURSOR_API_KEY not set – GPT‑4 calls will fail
2026-08-29 18:53:00,324 - __main__ - INFO - Fetched 0 unread emails
2026-08-29 19:04:24,002 - __main__ - WARNING - CURSOR_API_KEY not set – GPT‑4 calls will fail
2026-08-29 19:04:25,866 - __main__ - INFO - Fetched 0 unread emails
2026-08-29 19:09:31,668 - __main__ - WARNING - CURSOR_API_KEY not set – GPT‑4 calls will fail
2026-08-29 19:09:33,739 - __main__ - INFO - Fetched 0 unread emails
2026-08-29 19:22:47,365 - __main__ - WARNING - CURSOR_API_KEY not set – GPT‑4 calls will fail
2026-08-29 19:22:49,230 - __main__ - INFO - Fetched 0 unread emails
2026-08-29 19:25:18,919 - __main__ - WARNING - CURSOR_API_KEY not set – GPT‑4 calls will fail
2026-08-29 19:25:20,956 - __main__ - INFO - Fetched 0 unread emails
2026-08-29 19:32:41,454 - __main__ - WARNING - CURSOR_API_KEY not set – GPT‑4 calls will fail
2026-08-29 19:32:43,592 - __main__ - INFO - Fetched 0 unread emails
2026-08-29 19:37:54,577 - __main__ - WARNING - CURSOR_API_KEY not set – GPT‑4 calls will fail
2026-08-29 19:37:56,355 - __main__ - INFO - Fetched 0 unread emails
2026-08-29 19:48:13,904 - __main__ - WARNING - CURSOR_API_KEY not set – GPT‑4 calls will fail
2026-08-29 19:48:15,995 - __main__ - INFO - Fetched 0 unread emails
2026-08-29 19:53:55,756 - __main__ - WARNING - CURSOR_API_KEY not set – GPT‑4 calls will fail
2026-08-29 19:53:57,362 - __main__ - INFO - Fetched 0 unread emails
2026-08-29 19:57:28,133 - __main__ - WARNING - CURSOR_API_KEY not set – GPT‑4 calls will fail
2026-08-29 19:57:30,055 - __main__ - INFO - Fetched 0 unread emails
2026-08-29 19:59:20,602 - __main__ - WARNING - CURSOR_API_KEY not set – GPT‑4 calls will fail
2026-08-29 19:59:22,410 - __main__ - INFO - Fetched 0 unread emails
2026-08-29 20:01:38,193 - __main__ - WARNING - CURSOR_API_KEY not set – GPT‑4 calls will fail
2026-08-29 20:01:39,938 - __main__ - INFO - Fetched 0 unread emails
2026-08-29 20:05:20,083 - __main__ - WARNING - CURSOR_API_KEY not set – GPT‑4 calls will fail
2026-08-29 20:05:21,965 - __main__ - INFO - Fetched 0 unread emails
2026-08-29 20:11:22,770 - __main__ - WARNING - CURSOR_API_KEY not set – GPT‑4 calls will fail
2026-08-29 20:11:24,411 - __main__ - INFO - Fetched 0 unread emails
2026-08-29 20:13:32,125 - __main__ - WARNING - CURSOR_API_KEY not set – GPT‑4 calls will fail
2026-08-29 20:13:33,753 - __main__ - INFO - Fetched 0 unread emails
2026-08-29 20:16:03,249 - __main__ - WARNING - CURSOR_API_KEY not set – GPT‑4 calls will fail
2026-08-29 20:16:04,832 - __main__ - INFO - Fetched 0 unread emails
2026-08-29 20:18:19,028 - __main__ - WARNING - CURSOR_API_KEY not set – GPT‑4 calls will fail
2026-08-29 20:18:20,804 - __main__ - INFO - Fetched 0 unread emails
2026-08-29 20:20:21,956 - __main__ - WARNING - CURSOR_API_KEY not set – GPT‑4 calls will fail
2026-08-29 20:20:23,742 - __main__ - INFO - Fetched 0 unread emails
2026-08-29 20:24:17,121 - __main__ - WARNING - CURSOR_API_KEY not set – GPT‑4 calls will fail
2026-08-29 20:24:20,526 - __main__ - INFO - Fetched 0 unread emails
2026-08-29 20:29:59,366 - __main__ - WARNING - CURSOR_API_KEY not set – GPT‑4 calls will fail
2026-08-29 20:30:01,067 - __main__ - INFO - Fetched 0 unread emails
2026-08-29 20:41:15,494 - __main__ - WARNING - CURSOR_API_KEY not set – GPT‑4 calls will fail
2026-08-29 20:41:17,502 - __main__ - INFO - Fetched 0 unread emails
2026-08-29 20:45:10,147 - __main__ - WARNING - CURSOR_API_KEY not set – GPT‑4 calls will fail
2026-08-29 20:45:11,968 - __main__ - INFO - Fetched 0 unread emails
2026-08-29 20:46:01,798 - __main__ - WARNING - CURSOR_API_KEY not set – GPT‑4 calls will fail
2026-08-29 20:46:03,562 - __main__ - INFO - Fetched 0 unread emails
2026-08-29 20:49:24,379 - __main__ - WARNING - CURSOR_API_KEY not set – GPT‑4 calls will fail
2026-08-29 20:49:26,116 - __main__ - INFO - Fetched 0 unread emails
2026-08-29 20:53:50,609 - __main__ - WARNING - CURSOR_API_KEY not set – GPT‑4 calls will fail
2026-08-29 20:53:52,674 - __main__ - INFO - Fetched 0 unread emails
2026-08-29 20:56:40,261 - __main__ - WARNING - CURSOR_API_KEY not set – GPT‑4 calls will fail
2026-08-29 20:56:42,127 - __main__ - INFO - Fetched 0 unread emails
2026-08-29 21:00:27,966 - __main__ - WARNING - CURSOR_API_KEY not set – GPT‑4 calls will fail
2026-08-29 21:00:29,746 - __main__ - INFO - Fetched 0 unread emails
2026-08-29 21:02:49,538 - __main__ - WARNING - CURSOR_API_KEY not set – GPT‑4 calls will fail
2026-08-29 21:02:51,259 - __main__ - INFO - Fetched 0 unread emails
2026-08-29 21:41:11,523 - __main__ - WARNING - CURSOR_API_KEY not set – GPT‑4 calls will fail
2026-08-29 21:41:13,610 - __main__ - INFO - Fetched 0 unread emails
2026-08-29 22:20:33,833 - __main__ - WARNING - CURSOR_API_KEY not set – GPT‑4 calls will fail
2026-08-29 22:20:35,734 - __main__ - INFO - Fetched 0 unread emails
2026-08-29 22:41:24,146 - __main__ - WARNING - CURSOR_API_KEY not set – GPT‑4 calls will fail
2026-08-29 22:41:26,085 - __main__ - INFO - Fetched 0 unread emails
2026-08-29 22:50:48,494 - __main__ - WARNING - CURSOR_API_KEY not set – GPT‑4 calls will fail
2026-08-29 22:50:50,246 - __main__ - INFO - Fetched 0 unread emails
2026-08-29 22:53:23,270 - __main__ - WARNING - CURSOR_API_KEY not set – GPT‑4 calls will fail
2026-08-29 22:53:24,986 - __main__ - INFO - Fetched 0 unread emails
2026-08-29 22:58:42,528 - __main__ - WARNING - CURSOR_API_KEY not set – GPT‑4 calls will fail
2026-08-29 22:58:44,242 - __main__ - INFO - Fetched 0 unread emails
2026-08-29 23:02:48,215 - __main__ - WARNING - CURSOR_API_KEY not set – GPT‑4 calls will fail
2026-08-29 23:02:50,087 - __main__ - INFO - Fetched 0 unread emails
2026-08-29 23:08:36,779 - __main__ - WARNING - CURSOR_API_KEY not set – GPT‑4 calls will fail
2026-08-29 23:08:38,535 - __main__ - INFO - Fetched 0 unread emails
2026-08-29 23:18:37,260 - __main__ - WARNING - CURSOR_API_KEY not set – GPT‑4 calls will fail
2026-08-29 23:18:39,075 - __main__ - INFO - Fetched 0 unread emails
2026-08-29 23:21:13,834 - __main__ - WARNING - CURSOR_API_KEY not set – GPT‑4 calls will fail
2026-08-29 23:21:15,521 - __main__ - INFO - Fetched 0 unread emails
2026-08-29 23:22:39,739 - __main__ - WARNING - CURSOR_API_KEY not set – GPT‑4 calls will fail
2026-08-29 23:22:41,779 - __main__ - INFO - Fetched 0 unread emails
2026-08-29 23:25:40,966 - __main__ - WARNING - CURSOR_API_KEY not set – GPT‑4 calls will fail
2026-08-29 23:25:42,855 - __main__ - INFO - Fetched 0 unread emails
2026-08-29 23:28:04,287 - __main__ - WARNING - CURSOR_API_KEY not set – GPT‑4 calls will fail
2026-08-29 23:28:06,041 - __main__ - INFO - Fetched 0 unread emails
2026-08-29 23:29:48,299 - __main__ - WARNING - CURSOR_API_KEY not set – GPT‑4 calls will fail
2026-08-29 23:29:50,365 - __main__ - INFO - Fetched 0 unread emails
2026-08-29 23:44:37,932 - __main__ - WARNING - CURSOR_API_KEY not set – GPT‑4 calls will fail
2026-08-29 23:44:40,276 - __main__ - INFO - Fetched 0 unread emails
2026-08-29 23:47:52,256 - __main__ - WARNING - CURSOR_API_KEY not set – GPT‑4 calls will fail
2026-08-29 23:47:54,239 - __main__ - INFO - Fetched 0 unread emails
2026-08-29 23:58:24,668 - __main__ - WARNING - CURSOR_API_KEY not set – GPT‑4 calls will fail
2026-08-29 23:58:26,717 - __main__ - INFO - Fetched 0 unread emails
2026-08-29 23:58:52,564 - __main__ - WARNING - CURSOR_API_KEY not set – GPT‑4 calls will fail
2026-08-29 23:58:54,317 - __main__ - INFO - Fetched 0 unread emails
2026-08-30 00:00:03,247 - __main__ - WARNING - CURSOR_API_KEY not set – GPT‑4 calls will fail
2026-08-30 00:00:04,991 - __main__ - INFO - Fetched 0 unread emails
2026-08-30 00:10:49,508 - __main__ - WARNING - CURSOR_API_KEY not set – GPT‑4 calls will fail
2026-08-30 00:10:52,091 - __main__ - INFO - Fetched 0 unread emails
2026-08-30 00:16:01,406 - __main__ - WARNING - CURSOR_API_KEY not set – GPT‑4 calls will fail
2026-08-30 00:16:04,099 - __main__ - INFO - Fetched 0 unread emails
2026-08-30 00:28:55,321 - __main__ - WARNING - CURSOR_API_KEY not set – GPT‑4 calls will fail
2026-08-30 00:28:57,958 - __main__ - INFO - Fetched 0 unread emails
2026-08-30 00:31:51,166 - __main__ - WARNING - CURSOR_API_KEY not set – GPT‑4 calls will fail
2026-08-30 00:31:52,909 - __main__ - INFO - Fetched 0 unread emails
2026-08-30 00:51:40,287 - __main__ - WARNING - CURSOR_API_KEY not set – GPT‑4 calls will fail
2026-08-30 00:51:42,083 - __main__ - INFO - Fetched 0 unread emails
2026-08-30 00:52:19,490 - __main__ - WARNING - CURSOR_API_KEY not set – GPT‑4 calls will fail
2026-08-30 00:52:21,318 - __main__ - INFO - Fetched 0 unread emails
2026-08-30 00:57:19,320 - __main__ - WARNING - CURSOR_API_KEY not set – GPT‑4 calls will fail
2026-08-30 00:57:21,194 - __main__ - INFO - Fetched 0 unread emails
2026-08-30 01:03:50,699 - __main__ - WARNING - CURSOR_API_KEY not set – GPT‑4 calls will fail
2026-08-30 01:03:52,878 - __main__ - INFO - Fetched 0 unread emails
2026-08-30 01:13:39,343 - __main__ - WARNING - CURSOR_API_KEY not set – GPT‑4 calls will fail
2026-08-30 01:13:41,297 - __main__ - INFO - Fetched 0 unread emails
2026-08-30 01:29:31,790 - __main__ - WARNING - CURSOR_API_KEY not set – GPT‑4 calls will fail
2026-08-30 01:29:33,872 - __main__ - INFO - Fetched 0 unread emails
2026-08-30 01:48:48,387 - __main__ - WARNING - CURSOR_API_KEY not set – GPT‑4 calls will fail
2026-08-30 01:48:50,735 - __main__ - INFO - Fetched 0 unread emails
2026-08-30 01:55:12,996 - __main__ - WARNING - CURSOR_API_KEY not set – GPT‑4 calls will fail
2026-08-30 01:55:15,061 - __main__ - INFO - Fetched 0 unread emails
2026-08-30 02:18:16,718 - __main__ - WARNING - CURSOR_API_KEY not set – GPT‑4 calls will fail
2026-08-30 02:18:18,502 - __main__ - INFO - Fetched 0 unread emails
2026-08-30 02:44:47,054 - __main__ - WARNING - CURSOR_API_KEY not set – GPT‑4 calls will fail
2026-08-30 02:44:49,053 - __main__ - INFO - Fetched 0 unread emails
2026-08-30 03:06:11,430 - __main__ - WARNING - CURSOR_API_KEY not set – GPT‑4 calls will fail
2026-08-30 03:06:13,184 - __main__ - INFO - Fetched 0 unread emails
2026-08-30 03:18:06,476 - __main__ - WARNING - CURSOR_API_KEY not set – GPT‑4 calls will fail
2026-08-30 03:18:08,269 - __main__ - INFO - Fetched 0 unread emails
2026-08-30 03:44:27,475 - __main__ - WARNING - CURSOR_API_KEY not set – GPT‑4 calls will fail
2026-08-30 03:44:29,667 - __main__ - INFO - Fetched 0 unread emails
2026-08-30 04:01:42,259 - __main__ - WARNING - CURSOR_API_KEY not set – GPT‑4 calls will fail
2026-08-30 04:01:44,622 - __main__ - INFO - Fetched 0 unread emails
2026-08-30 04:11:19,377 - __main__ - WARNING - CURSOR_API_KEY not set – GPT‑4 calls will fail
2026-08-30 04:11:21,393 - __main__ - INFO - Fetched 0 unread emails
2026-08-30 04:19:13,604 - __main__ - WARNING - CURSOR_API_KEY not set – GPT‑4 calls will fail
2026-08-30 04:19:15,478 - __main__ - INFO - Fetched 0 unread emails
2026-08-30 04:32:53,789 - __main__ - WARNING - CURSOR_API_KEY not set – GPT‑4 calls will fail
2026-08-30 04:32:55,843 - __main__ - INFO - Fetched 0 unread emails
2026-08-30 04:38:21,982 - __main__ - WARNING - CURSOR_API_KEY not set – GPT‑4 calls will fail
2026-08-30 04:38:24,027 - __main__ - INFO - Fetched 0 unread emails
2026-08-30 05:07:59,196 - __main__ - WARNING - CURSOR_API_KEY not set – GPT‑4 calls will fail
2026-08-30 05:08:00,959 - __main__ - INFO - Fetched 0 unread emails
2026-08-30 05:44:01,355 - __main__ - WARNING - CURSOR_API_KEY not set – GPT‑4 calls will fail
2026-08-30 05:44:03,825 - __main__ - INFO - Fetched 0 unread emails
2026-08-30 06:44:16,733 - __main__ - WARNING - CURSOR_API_KEY not set – GPT‑4 calls will fail
2026-08-30 06:44:18,722 - __main__ - INFO - Fetched 0 unread emails
2026-08-30 07:06:49,887 - __main__ - WARNING - CURSOR_API_KEY not set – GPT‑4 calls will fail
2026-08-30 07:06:51,974 - __main__ - INFO - Fetched 0 unread emails
2026-08-30 11:49:56,333 - __main__ - WARNING - CURSOR_API_KEY not set – GPT‑4 calls will fail
2026-08-30 11:49:58,149 - __main__ - INFO - Fetched 0 unread emails
2026-08-30 16:24:23,882 - __main__ - WARNING - CURSOR_API_KEY not set – GPT‑4 calls will fail
2026-08-30 16:24:25,635 - __main__ - INFO - Fetched 0 unread emails
2026-08-30 18:36:01,147 - __main__ - WARNING - CURSOR_API_KEY not set – GPT‑4 calls will fail
2026-08-30 18:36:03,063 - __main__ - INFO - Fetched 0 unread emails
2026-08-30 22:44:02,258 - __main__ - WARNING - CURSOR_API_KEY not set – GPT‑4 calls will fail
2026-08-30 22:44:04,272 - __main__ - INFO - Fetched 0 unread emails
2026-08-31 01:09:50,327 - __main__ - WARNING - CURSOR_API_KEY not set – GPT‑4 calls will fail
2026-08-31 01:09:52,349 - __main__ - INFO - Fetched 0 unread emails
2026-08-31 04:56:17,257 - __main__ - WARNING - CURSOR_API_KEY not set – GPT‑4 calls will fail
2026-08-31 04:56:19,699 - __main__ - INFO - Fetched 0 unread emails
